movie_id,name,star_id,star_url
6995,艾兒芬妮 Elle Fanning,914.0,https://tw.movies.yahoo.com/name_main/914
6995,丹恩德翰 Dane DeHaan,268.0,https://tw.movies.yahoo.com/name_main/268
6963,楊德昌 Edward Yang,13739.0,https://tw.movies.yahoo.com/name_main/13739
6963,戴立忍 Leon DAI,21005.0,https://tw.movies.yahoo.com/name_main/21005
6963,范瑞君 Ray Fan,29042.0,https://tw.movies.yahoo.com/name_main/29042
6963,金燕玲 Elaine Jin,31217.0,https://tw.movies.yahoo.com/name_main/31217
6963,唐從聖 Action Tang,36305.0,https://tw.movies.yahoo.com/name_main/36305
6963,吳念真 Wu Nien-Jen,37271.0,https://tw.movies.yahoo.com/name_main/37271
6922,大衛雷奇 David Leitch,10439.0,https://tw.movies.yahoo.com/name_main/10439
6922,莎莉賽隆 Charlize Theron,249.0,https://tw.movies.yahoo.com/name_main/249
6922,蘇菲亞波提拉 Sofia Boutella,658.0,https://tw.movies.yahoo.com/name_main/658
6922,詹姆斯麥艾維 James McAvoy,5.0,https://tw.movies.yahoo.com/name_main/5
6872,蘇菲亞柯波拉 Sofia Carmina Coppola,1495.0,https://tw.movies.yahoo.com/name_main/1495
6872,柯林法洛 Colin Farrell,988.0,https://tw.movies.yahoo.com/name_main/988
6872,妮可基嫚 Nicole Kidman,342.0,https://tw.movies.yahoo.com/name_main/342
6872,艾兒芬妮 Elle Fanning,914.0,https://tw.movies.yahoo.com/name_main/914
6872,克絲汀鄧斯特 Kirsten Dunst,1492.0,https://tw.movies.yahoo.com/name_main/1492
6150,九把刀,11378.0,https://tw.movies.yahoo.com/name_main/11378
6150,蔡凡熙 Kent Tsai,40676.0,https://tw.movies.yahoo.com/name_main/40676
6150,陳珮騏 Carolyn Chen,40672.0,https://tw.movies.yahoo.com/name_main/40672
6150,鄧育凱 Yukai Deng,40679.0,https://tw.movies.yahoo.com/name_main/40679
6150,劉奕兒 Eugenie Liu,40674.0,https://tw.movies.yahoo.com/name_main/40674
7003,蔣卓原,1576.0,https://tw.movies.yahoo.com/name_main/1576
7003,景甜 Jing Tian,1579.0,https://tw.movies.yahoo.com/name_main/1579
7003,歐豪 Oho Ou,1582.0,https://tw.movies.yahoo.com/name_main/1582
7003,黑木美紗 Kuroki Meisa,1585.0,https://tw.movies.yahoo.com/name_main/1585
7003,林遣都 Hayashi Kento,1587.0,https://tw.movies.yahoo.com/name_main/1587
6980,西蒙凡赫文 Simon Verhoeven,1377.0,https://tw.movies.yahoo.com/name_main/1377
6980,仙黛貝嘉 Senta Berger,1379.0,https://tw.movies.yahoo.com/name_main/1379
6980,海納勞特巴赫 Heiner Lauterbach,1381.0,https://tw.movies.yahoo.com/name_main/1381
6980,佛洛里昂大衛費茲 Florian David Fitz,1188.0,https://tw.movies.yahoo.com/name_main/1188
6980,帕琳娜羅金斯基 Palina Rojinski,1382.0,https://tw.movies.yahoo.com/name_main/1382
6980,艾力克卡邦格 Eric Kabongo,1385.0,https://tw.movies.yahoo.com/name_main/1385
6980,埃利亞斯穆巴里克 Elyas M'Barek,1387.0,https://tw.movies.yahoo.com/name_main/1387
6964,楊德昌 Edward Yang,13739.0,https://tw.movies.yahoo.com/name_main/13739
6964,侯孝賢 Hou Hsiao-Hsien,93.0,https://tw.movies.yahoo.com/name_main/93
6964,吳念真 Wu Nien-Jen,37271.0,https://tw.movies.yahoo.com/name_main/37271
6947,納塔吾彭皮里亞 Nattawut Poonpiriya,7850.0,https://tw.movies.yahoo.com/name_main/7850
6947,查農桑提納同庫 Chanon Santinatorn...,16262.0,https://tw.movies.yahoo.com/name_main/16262
6947,茱蒂蒙瓊查容蘇因 Chutimon Chuengcha...,16535.0,https://tw.movies.yahoo.com/name_main/16535
6947,依莎亞賀蘇汪 Eisaya Hosuwan,17354.0,https://tw.movies.yahoo.com/name_main/17354
6947,提拉東蘇帕龐皮尤 Teeradon Supapunpi...,25412.0,https://tw.movies.yahoo.com/name_main/25412
6713,彭于晏 Eddie Peng,663.0,https://tw.movies.yahoo.com/name_main/663
6713,余文樂 Shawn Yue,741.0,https://tw.movies.yahoo.com/name_main/741
6972,凱特麥金儂 Kate McKinnon,634.0,https://tw.movies.yahoo.com/name_main/634
6972,史嘉莉喬韓森 Scarlett Johansson,1349.0,https://tw.movies.yahoo.com/name_main/1349
6972,吉莉安貝爾 Jillian Bell,40694.0,https://tw.movies.yahoo.com/name_main/40694
6972,柔伊克拉維茲 Zoe Kravitz,40692.0,https://tw.movies.yahoo.com/name_main/40692
6674,克里斯多福諾蘭 Christopher Nolan,260.0,https://tw.movies.yahoo.com/name_main/260
6674,湯姆哈迪 Tom Hardy,378.0,https://tw.movies.yahoo.com/name_main/378
6674,肯尼布萊納 Kenneth Branagh,40684.0,https://tw.movies.yahoo.com/name_main/40684
6674,菲昂懷海德 Fionn Whitehead,40689.0,https://tw.movies.yahoo.com/name_main/40689
6674,馬克瑞蘭斯 Mark Rylance,40687.0,https://tw.movies.yahoo.com/name_main/40687
6674,席尼墨菲 Cillian Murphy,40682.0,https://tw.movies.yahoo.com/name_main/40682
6948,岡田將生 Masaki Okada,883.0,https://tw.movies.yahoo.com/name_main/883
6948,長澤雅美 Masami Nagasawa,368.0,https://tw.movies.yahoo.com/name_main/368
6948,柳樂優彌 Yagira Yuya,695.0,https://tw.movies.yahoo.com/name_main/695
6948,小栗旬 Shun Oguri,1035.0,https://tw.movies.yahoo.com/name_main/1035
6948,菅田將暉,40598.0,https://tw.movies.yahoo.com/name_main/40598
6971,楊德昌 Edward Yang,13739.0,https://tw.movies.yahoo.com/name_main/13739
6955,史考特伊斯威特 Scott Eastwood,442.0,https://tw.movies.yahoo.com/name_main/442
6937,綾瀨遙 Haruka Ayase,1009.0,https://tw.movies.yahoo.com/name_main/1009
6937,鈴木亮平 Ryohei Suzuki,580.0,https://tw.movies.yahoo.com/name_main/580
6937,染谷將太 Shota Sometani,392.0,https://tw.movies.yahoo.com/name_main/392
6937,堤真一 Shinichi Tsutsumi,153.0,https://tw.movies.yahoo.com/name_main/153
6853,安迪席克斯 Andy Serkis,305.0,https://tw.movies.yahoo.com/name_main/305
6853,伍迪哈里遜 Woody Harrelson,840.0,https://tw.movies.yahoo.com/name_main/840
6943,周柏豪 Pakho Chau,40115.0,https://tw.movies.yahoo.com/name_main/40115
6661,湯姆霍蘭德 Tom Holland,585.0,https://tw.movies.yahoo.com/name_main/585
6661,小勞勃道尼 Robert Downey Jr.,1075.0,https://tw.movies.yahoo.com/name_main/1075
6672,史提夫卡爾 Steve Carell,800.0,https://tw.movies.yahoo.com/name_main/800
6874,歐蜜瑞佩斯 Noomi Rapace,23027.0,https://tw.movies.yahoo.com/name_main/23027
6874,奧蘭多布魯 Orlando Bloom,1007.0,https://tw.movies.yahoo.com/name_main/1007
6855,妻夫木聰 Satoshi Tsumabuki,347.0,https://tw.movies.yahoo.com/name_main/347
6797,羅伯派汀森 Robert Pattinson,960.0,https://tw.movies.yahoo.com/name_main/960
6797,席安娜米勒 Sienna Miller,401.0,https://tw.movies.yahoo.com/name_main/401
6797,湯姆霍蘭德 Tom Holland,585.0,https://tw.movies.yahoo.com/name_main/585
6598,克里斯潘恩 Chris Pine,1049.0,https://tw.movies.yahoo.com/name_main/1049
6598,蓋兒加朵 Gal Gadot,578.0,https://tw.movies.yahoo.com/name_main/578
6827,艾爾菲摩里納 Alfred Molina,838.0,https://tw.movies.yahoo.com/name_main/838
6827,愛莉森布里 Alison Brie,517.0,https://tw.movies.yahoo.com/name_main/517
6827,傑瑞德巴特勒 Gerard Butler,558.0,https://tw.movies.yahoo.com/name_main/558
6827,威廉達佛 Willem Dafoe,1354.0,https://tw.movies.yahoo.com/name_main/1354
6860,丹尼爾布爾 Daniel Brühl,1263.0,https://tw.movies.yahoo.com/name_main/1263
6860,潔西卡雀絲坦 Jessica Chastain,388.0,https://tw.movies.yahoo.com/name_main/388
6822,姜武 Jiang Wu,1356.0,https://tw.movies.yahoo.com/name_main/1356
6822,藍正龍 Blue Lan,1013.0,https://tw.movies.yahoo.com/name_main/1013
6810,道格李曼 Doug Liman,285.0,https://tw.movies.yahoo.com/name_main/285
6810,亞倫泰勒強森 Aaron Taylor-Johns...,261.0,https://tw.movies.yahoo.com/name_main/261
6796,湯姆漢克 Tom Hanks,505.0,https://tw.movies.yahoo.com/name_main/505
6771,蓋瑞奇 Guy Ritchie,764.0,https://tw.movies.yahoo.com/name_main/764
6771,阿斯特麗德伯格斯... Astrid Bergès-Fris...,603.0,https://tw.movies.yahoo.com/name_main/603
6771,吉蒙翰蘇 Djimon Hounsou,1145.0,https://tw.movies.yahoo.com/name_main/1145
6771,裘德洛 Jude Law,761.0,https://tw.movies.yahoo.com/name_main/761
6694,雷利史考特 Ridley Scott,820.0,https://tw.movies.yahoo.com/name_main/820
6694,麥克法斯賓達 Michael Fassbender,1290.0,https://tw.movies.yahoo.com/name_main/1290
6832,金城武 Takeshi Kaneshiro,367.0,https://tw.movies.yahoo.com/name_main/367
6832,楊祐寧 Tony Yang,1392.0,https://tw.movies.yahoo.com/name_main/1392
6832,周冬雨 Zhou Dongyu,742.0,https://tw.movies.yahoo.com/name_main/742
6808,艾米爾賀許 Emile Hirsch,73.0,https://tw.movies.yahoo.com/name_main/73
6428,克里斯伊凡 Chris Evans,1348.0,https://tw.movies.yahoo.com/name_main/1348
6567,布萊德利古柏 Bradley Cooper,1187.0,https://tw.movies.yahoo.com/name_main/1187
6567,克里斯普瑞特 Chris Pratt,703.0,https://tw.movies.yahoo.com/name_main/703
6567,馮迪索 Vin Diesel,1217.0,https://tw.movies.yahoo.com/name_main/1217
6664,莎莉賽隆 Charlize Theron,249.0,https://tw.movies.yahoo.com/name_main/249
6664,傑森史塔森 Jason Statham,100.0,https://tw.movies.yahoo.com/name_main/100
6664,蜜雪兒羅莉葛茲 Michelle Rodriguez,940.0,https://tw.movies.yahoo.com/name_main/940
6664,史考特伊斯威特 Scott Eastwood,442.0,https://tw.movies.yahoo.com/name_main/442
6664,巨石強森 Dwayne Johnson,1216.0,https://tw.movies.yahoo.com/name_main/1216
6664,馮迪索 Vin Diesel,1217.0,https://tw.movies.yahoo.com/name_main/1217
6516,茱莉亞羅勃茲 Julia Roberts,185.0,https://tw.movies.yahoo.com/name_main/185
6516,蜜雪兒羅莉葛茲 Michelle Rodriguez,940.0,https://tw.movies.yahoo.com/name_main/940
6566,亞歷鮑德溫 Alec Baldwin,792.0,https://tw.movies.yahoo.com/name_main/792
6566,史蒂夫布希米 Steve Buscemi,22.0,https://tw.movies.yahoo.com/name_main/22
6634,伊旺麥奎格 Ewan McGregor,1027.0,https://tw.movies.yahoo.com/name_main/1027
6634,古古瑪芭塔勞 Gugu Mbatha-Raw,417.0,https://tw.movies.yahoo.com/name_main/417
6746,福士蒼汰 Sota Fukushi,453.0,https://tw.movies.yahoo.com/name_main/453
7011,吉田大八 Daihachi Yoshida,470.0,https://tw.movies.yahoo.com/name_main/470
7011,中川雅也 Lily Franky,1282.0,https://tw.movies.yahoo.com/name_main/1282
7011,龜梨和也 Kazuya Kamenashi,436.0,https://tw.movies.yahoo.com/name_main/436
7011,橋本愛 Ai Hashimoto,444.0,https://tw.movies.yahoo.com/name_main/444
7011,中嶋朋子 Tomoka Nakajima,40582.0,https://tw.movies.yahoo.com/name_main/40582
7011,佐佐木藏之介 Kiranosuke Sasaki,40588.0,https://tw.movies.yahoo.com/name_main/40588
6930,劉德華 Andy Lau,1390.0,https://tw.movies.yahoo.com/name_main/1390
6930,楊祐寧 Tony Yang,1392.0,https://tw.movies.yahoo.com/name_main/1392
6930,舒淇 Shu Qi,515.0,https://tw.movies.yahoo.com/name_main/515
6930,尚雷諾 Jean Reno,848.0,https://tw.movies.yahoo.com/name_main/848
6930,曾志偉 Eric Tsang,17630.0,https://tw.movies.yahoo.com/name_main/17630
7031,西谷弘 Hiroshi Nishitani,13478.0,https://tw.movies.yahoo.com/name_main/13478
7031,上戶彩 Aya Ueto,271.0,https://tw.movies.yahoo.com/name_main/271
7031,齋藤工 Saito Takumi,39170.0,https://tw.movies.yahoo.com/name_main/39170
7031,伊藤步,38672.0,https://tw.movies.yahoo.com/name_main/38672
7024,佛杭蘇瓦歐容 Francois Ozon,40710.0,https://tw.movies.yahoo.com/name_main/40710
7024,傑瑞米何尼葉 Jérémie Renier,40712.0,https://tw.movies.yahoo.com/name_main/40712
7024,瑪琳華特 Marine Vacth,1331.0,https://tw.movies.yahoo.com/name_main/1331
7010,武井咲 Emi Takei,1165.0,https://tw.movies.yahoo.com/name_main/1165
6983,內山昂輝 Kouki Uchiyama,1412.0,https://tw.movies.yahoo.com/name_main/1412
6983,雨宮天 Sora Amamiya,1414.0,https://tw.movies.yahoo.com/name_main/1414
6983,細谷佳正 Yoshimachi Hosoya,1417.0,https://tw.movies.yahoo.com/name_main/1417
6983,水瀨祈 Inori Minase,1409.0,https://tw.movies.yahoo.com/name_main/1409
6969,大泉洋 Yo Oizumi,1315.0,https://tw.movies.yahoo.com/name_main/1315
6969,佐佐木希 Sasaki Nozomi,314.0,https://tw.movies.yahoo.com/name_main/314
6941,道格李曼 Doug Liman,285.0,https://tw.movies.yahoo.com/name_main/285
6941,多姆納爾格里森 Domhnall Gleeson,1264.0,https://tw.movies.yahoo.com/name_main/1264
6941,湯姆克魯斯 Tom Cruise,1157.0,https://tw.movies.yahoo.com/name_main/1157
6888,連奕琦 Lien Yi-Chi,7139.0,https://tw.movies.yahoo.com/name_main/7139
6888,蔡凡熙 Kent Tsai,40676.0,https://tw.movies.yahoo.com/name_main/40676
6883,黑木華 Haru Kuroki,299.0,https://tw.movies.yahoo.com/name_main/299
6883,福士蒼汰 Sota Fukushi,453.0,https://tw.movies.yahoo.com/name_main/453
7025,史蒂芬索德柏 Steven Soderbergh,245.0,https://tw.movies.yahoo.com/name_main/245
7025,丹尼爾克雷格 Daniel Craig,975.0,https://tw.movies.yahoo.com/name_main/975
7025,查寧塔圖 Channing Tatum,16259.0,https://tw.movies.yahoo.com/name_main/16259
7025,亞當崔佛 Adam Driver,441.0,https://tw.movies.yahoo.com/name_main/441
7025,希拉蕊史旺 Hilary Swank,3177.0,https://tw.movies.yahoo.com/name_main/3177
7040,娜歐蜜賽格莉歐 NoémieSaglio,7988.0,https://tw.movies.yahoo.com/name_main/7988
7040,茱麗葉畢諾許 Juliette Binoche,733.0,https://tw.movies.yahoo.com/name_main/733
7034,卡洛琳荷芙絲 Karoline Herfurth,20273.0,https://tw.movies.yahoo.com/name_main/20273
7034,弗萊德里奇穆克 Friedrich Mucke,40744.0,https://tw.movies.yahoo.com/name_main/40744
7034,卡嘉瑞曼 Katja Riemann,20345.0,https://tw.movies.yahoo.com/name_main/20345
7034,卡洛琳荷芙絲 Karoline Herfurth,20273.0,https://tw.movies.yahoo.com/name_main/20273
7033,多梅卡魯科斯基 Dome Karukoski,40731.0,https://tw.movies.yahoo.com/name_main/40731
7033,皮卡史特朗 Pekka Strang,23474.0,https://tw.movies.yahoo.com/name_main/23474
7033,勞瑞提卡寧 Lauri Tilkanen,40734.0,https://tw.movies.yahoo.com/name_main/40734
7033,潔西卡格拉博斯基 Jessica Grabowsky,40740.0,https://tw.movies.yahoo.com/name_main/40740
6994,凱雷姆桑加 Kerem Sanga,1505.0,https://tw.movies.yahoo.com/name_main/1505
6994,黛倫葛盧拉 Dylan Gelula,1507.0,https://tw.movies.yahoo.com/name_main/1507
6994,布莉安娜海德布蘭... Brianna Hildebrand,1510.0,https://tw.movies.yahoo.com/name_main/1510
6992,藤原龍也 Tatsuya Fujiwara,350.0,https://tw.movies.yahoo.com/name_main/350
6992,伊藤英明 Hideaki Itou,943.0,https://tw.movies.yahoo.com/name_main/943
6992,夏帆 Kaho,1499.0,https://tw.movies.yahoo.com/name_main/1499
6919,詹姆士柯麥隆 James Cameron,759.0,https://tw.movies.yahoo.com/name_main/759
6919,阿諾史瓦辛格 Arnold Schwarzeneg...,457.0,https://tw.movies.yahoo.com/name_main/457
6873,派崔克休斯 Patrick Hughes,1526.0,https://tw.movies.yahoo.com/name_main/1526
6873,萊恩雷諾斯 Ryan Reynolds,225.0,https://tw.movies.yahoo.com/name_main/225
6873,山繆傑克森 Samuel L. Jackson,1529.0,https://tw.movies.yahoo.com/name_main/1529
6873,蓋瑞歐德曼 Gary Oldman,1076.0,https://tw.movies.yahoo.com/name_main/1076
6873,莎瑪海耶克 Salma Hayek,1532.0,https://tw.movies.yahoo.com/name_main/1532
6873,艾洛蒂袁 Elodie Yung,1534.0,https://tw.movies.yahoo.com/name_main/1534
7047,JK西蒙斯 J.K. Simmons,684.0,https://tw.movies.yahoo.com/name_main/684
6830,馬修麥康納 Matthew McConaughe...,1174.0,https://tw.movies.yahoo.com/name_main/1174
6830,伊卓瑞斯艾巴 Idris Elba,632.0,https://tw.movies.yahoo.com/name_main/632
7037,葉偉信 Wilson Yip,1614.0,https://tw.movies.yahoo.com/name_main/1614
7037,古天樂 Louis Koo,667.0,https://tw.movies.yahoo.com/name_main/667
7037,林家棟 Gordon Lam,32756.0,https://tw.movies.yahoo.com/name_main/32756
7037,吳樾 Wu Yue,40755.0,https://tw.movies.yahoo.com/name_main/40755
7037,東尼嘉 Tony Jaa,25721.0,https://tw.movies.yahoo.com/name_main/25721
7037,盧惠光,33338.0,https://tw.movies.yahoo.com/name_main/33338
7037,克里斯柯林斯 Chris Collins,40757.0,https://tw.movies.yahoo.com/name_main/40757
7006,神木隆之介 Ryunosuke Kamiki,1228.0,https://tw.movies.yahoo.com/name_main/1228
7006,天海祐希 Yuki Amami,478.0,https://tw.movies.yahoo.com/name_main/478
7005,班尼迪克康柏拜區 Benedict Cumberbat...,1218.0,https://tw.movies.yahoo.com/name_main/1218
6987,羅伊羅尼 Roel Reiné,1450.0,https://tw.movies.yahoo.com/name_main/1450
6973,德斯汀克雷頓 Destin Cretton,1537.0,https://tw.movies.yahoo.com/name_main/1537
6973,布麗拉爾森 Brie Larson,556.0,https://tw.movies.yahoo.com/name_main/556
6973,娜歐蜜華茲 Naomi Watts,107.0,https://tw.movies.yahoo.com/name_main/107
6973,伍迪哈里遜 Woody Harrelson,840.0,https://tw.movies.yahoo.com/name_main/840
6973,莎拉史諾克 Sarah Snook,422.0,https://tw.movies.yahoo.com/name_main/422
7043,麥可休瓦特 Michael Showalter,40787.0,https://tw.movies.yahoo.com/name_main/40787
7043,庫梅爾南賈尼 Kumail Nanjiani,40789.0,https://tw.movies.yahoo.com/name_main/40789
7043,柔依卡珊 Zoe Kazan,26519.0,https://tw.movies.yahoo.com/name_main/26519
7035,周柏豪 Pakho Chau,40115.0,https://tw.movies.yahoo.com/name_main/40115
7035,蔡瀚億 Babyjohn Choi,27614.0,https://tw.movies.yahoo.com/name_main/27614
7035,張繼聰 Louis Cheung,39302.0,https://tw.movies.yahoo.com/name_main/39302
7035,鄭欣宜 Joyce Cheng,39866.0,https://tw.movies.yahoo.com/name_main/39866
7032,廣瀨鈴 Suzu Hirose,669.0,https://tw.movies.yahoo.com/name_main/669
7032,天海祐希 Yuki Amami,478.0,https://tw.movies.yahoo.com/name_main/478
7022,大友啟史 Keishi Ohtomo,40707.0,https://tw.movies.yahoo.com/name_main/40707
7022,神木隆之介 Ryunosuke Kamiki,1228.0,https://tw.movies.yahoo.com/name_main/1228
7022,有村架純 Kasumi Arimura,527.0,https://tw.movies.yahoo.com/name_main/527
7022,伊藤英明 Hideaki Itou,943.0,https://tw.movies.yahoo.com/name_main/943
7022,染谷將太 Shota Sometani,392.0,https://tw.movies.yahoo.com/name_main/392
7022,豐川悅司 Toyokawa Etsushi,29186.0,https://tw.movies.yahoo.com/name_main/29186
7022,加瀨亮 Ryo Kase,24323.0,https://tw.movies.yahoo.com/name_main/24323
7022,佐佐木藏之介 Kiranosuke Sasaki,40588.0,https://tw.movies.yahoo.com/name_main/40588
7020,湯米維爾柯拉 Tommy Wirkola,2196.0,https://tw.movies.yahoo.com/name_main/2196
7020,歐蜜瑞佩斯 Noomi Rapace,23027.0,https://tw.movies.yahoo.com/name_main/23027
7020,葛倫克蘿絲 Glenn Close,40701.0,https://tw.movies.yahoo.com/name_main/40701
7020,威廉達佛 Willem Dafoe,1354.0,https://tw.movies.yahoo.com/name_main/1354
7020,馬文坎薩利 Marwan Kenzari,40704.0,https://tw.movies.yahoo.com/name_main/40704
7016,宋康昊 Kang-ho Song,138.0,https://tw.movies.yahoo.com/name_main/138
7044,廣瀨鈴 Suzu Hirose,669.0,https://tw.movies.yahoo.com/name_main/669
7044,松隆子 Takako Matsu,25280.0,https://tw.movies.yahoo.com/name_main/25280
7044,菅田將暉,40598.0,https://tw.movies.yahoo.com/name_main/40598
7029,雲翔 Scud,8882.0,https://tw.movies.yahoo.com/name_main/8882
7029,賀飛 Adonis He,30002.0,https://tw.movies.yahoo.com/name_main/30002
7029,包晗 Eric East,40727.0,https://tw.movies.yahoo.com/name_main/40727
7029,邵音音 Susan Shaw,35480.0,https://tw.movies.yahoo.com/name_main/35480
7029,苗可秀 Nora Miao,34019.0,https://tw.movies.yahoo.com/name_main/34019
7023,大友啟史 Keishi Ohtomo,40707.0,https://tw.movies.yahoo.com/name_main/40707
7023,神木隆之介 Ryunosuke Kamiki,1228.0,https://tw.movies.yahoo.com/name_main/1228
7023,有村架純 Kasumi Arimura,527.0,https://tw.movies.yahoo.com/name_main/527
7023,伊藤英明 Hideaki Itou,943.0,https://tw.movies.yahoo.com/name_main/943
7023,染谷將太 Shota Sometani,392.0,https://tw.movies.yahoo.com/name_main/392
7023,豐川悅司 Toyokawa Etsushi,29186.0,https://tw.movies.yahoo.com/name_main/29186
7023,加瀨亮 Ryo Kase,24323.0,https://tw.movies.yahoo.com/name_main/24323
7023,佐佐木藏之介 Kiranosuke Sasaki,40588.0,https://tw.movies.yahoo.com/name_main/40588
6861,馬修范恩 Matthew Vaughn,7547.0,https://tw.movies.yahoo.com/name_main/7547
6861,查寧塔圖 Channing Tatum,16259.0,https://tw.movies.yahoo.com/name_main/16259
6861,柯林佛斯 Colin Firth,358.0,https://tw.movies.yahoo.com/name_main/358
6861,荷莉貝瑞 Halle Berry,2256.0,https://tw.movies.yahoo.com/name_main/2256
6861,傑夫布里吉 Jeff Bridges,927.0,https://tw.movies.yahoo.com/name_main/927
6861,茱莉安摩爾 Julianne Moore,939.0,https://tw.movies.yahoo.com/name_main/939
6861,馬克史壯 Mark Strong,816.0,https://tw.movies.yahoo.com/name_main/816
6861,泰隆艾格頓 Taron Egerton,25346.0,https://tw.movies.yahoo.com/name_main/25346
6991,貝芮妮絲貝喬 Bérénice Bejo,462.0,https://tw.movies.yahoo.com/name_main/462
7021,阿曼達塞佛瑞 Amanda Seyfried,812.0,https://tw.movies.yahoo.com/name_main/812
7021,艾倫康明 Alan Cumming,266.0,https://tw.movies.yahoo.com/name_main/266
7021,海瑟葛拉罕 Heather Graham,208.0,https://tw.movies.yahoo.com/name_main/208
7013,瑞絲薇斯朋 Reese Witherspoon,1050.0,https://tw.movies.yahoo.com/name_main/1050
7013,麥可辛 Michael Sheen,930.0,https://tw.movies.yahoo.com/name_main/930
6932,陳意涵 Ivy Chen,317.0,https://tw.movies.yahoo.com/name_main/317
6932,薛凱琪 Fiona Sit,320.0,https://tw.movies.yahoo.com/name_main/320
6586,珍妮佛傑森李 Jennifer Jason Lei...,559.0,https://tw.movies.yahoo.com/name_main/559
6979,戴夫法蘭科 Dave Franco,278.0,https://tw.movies.yahoo.com/name_main/278
6979,奧莉薇亞孟恩 Olivia Munn,322.0,https://tw.movies.yahoo.com/name_main/322
6979,成龍 Jackie Chan,1373.0,https://tw.movies.yahoo.com/name_main/1373
6979,庫梅爾南賈尼 Kumail Nanjiani,40789.0,https://tw.movies.yahoo.com/name_main/40789
6952,伊卓瑞斯艾巴 Idris Elba,632.0,https://tw.movies.yahoo.com/name_main/632
6952,凱特溫絲蕾 Kate Winslet,1063.0,https://tw.movies.yahoo.com/name_main/1063
6946,李佛薛柏 Liev Schreiber,833.0,https://tw.movies.yahoo.com/name_main/833
6913,丹尼維勒納夫 Denis Villeneuve,1285.0,https://tw.movies.yahoo.com/name_main/1285
6913,哈里遜福特 Harrison Ford,976.0,https://tw.movies.yahoo.com/name_main/976
6913,傑瑞李圖 Jared Leto,1149.0,https://tw.movies.yahoo.com/name_main/1149
7036,黃信堯,40754.0,https://tw.movies.yahoo.com/name_main/40754
7036,陳竹昇 Bamboo Chen,28256.0,https://tw.movies.yahoo.com/name_main/28256
7036,莊益增,14291.0,https://tw.movies.yahoo.com/name_main/14291
7036,戴立忍 Leon DAI,21005.0,https://tw.movies.yahoo.com/name_main/21005
7036,納豆 Lin Yu-Chih,34157.0,https://tw.movies.yahoo.com/name_main/34157
7036,張少懷 Michael Chang,39431.0,https://tw.movies.yahoo.com/name_main/39431
7036,丁國琳 Ting Kuo-Lin,40749.0,https://tw.movies.yahoo.com/name_main/40749
7001,成龍 Jackie Chan,1373.0,https://tw.movies.yahoo.com/name_main/1373
7001,皮爾斯布洛斯南 Pierce Brosnan,1572.0,https://tw.movies.yahoo.com/name_main/1572
6998,大衛高登格林 David Gordon Green,1539.0,https://tw.movies.yahoo.com/name_main/1539
6998,傑克葛倫霍 Jake Gyllenhaal,732.0,https://tw.movies.yahoo.com/name_main/732
6998,塔緹安娜瑪斯蘭尼 Tatiana Maslany,1542.0,https://tw.movies.yahoo.com/name_main/1542
6998,米蘭達李察生 Miranda Richardson,1545.0,https://tw.movies.yahoo.com/name_main/1545
6998,克藍西布朗 Clancy Brown,1548.0,https://tw.movies.yahoo.com/name_main/1548
7019,麥克法斯賓達 Michael Fassbender,1290.0,https://tw.movies.yahoo.com/name_main/1290
7019,夏綠蒂甘斯柏 Charlotte Gainsbou...,752.0,https://tw.movies.yahoo.com/name_main/752
7019,JK西蒙斯 J.K. Simmons,684.0,https://tw.movies.yahoo.com/name_main/684
6851,安東尼霍普金斯 Anthony Hopkins,766.0,https://tw.movies.yahoo.com/name_main/766
6851,凱特布蘭琪 Cate Blanchett,1309.0,https://tw.movies.yahoo.com/name_main/1309
6851,克里斯漢斯沃 Chris Hemsworth,1269.0,https://tw.movies.yahoo.com/name_main/1269
6851,馬克魯法洛 Mark Ruffalo,420.0,https://tw.movies.yahoo.com/name_main/420
6851,湯姆希德斯頓 Tom Hiddleston,1275.0,https://tw.movies.yahoo.com/name_main/1275
7038,戴倫艾洛諾夫斯基 Darren Aronofsky,935.0,https://tw.movies.yahoo.com/name_main/935
7038,珍妮佛勞倫斯 Jennifer Lawrence,706.0,https://tw.movies.yahoo.com/name_main/706
7038,蜜雪兒菲佛 Michelle Pfeiffer,89.0,https://tw.movies.yahoo.com/name_main/89
7038,哈維爾巴登 Javier Bardem,951.0,https://tw.movies.yahoo.com/name_main/951
6982,艾倫佩吉 Ellen Page,69.0,https://tw.movies.yahoo.com/name_main/69
6939,史蒂芬佛瑞爾斯 Stephen Frears,615.0,https://tw.movies.yahoo.com/name_main/615
7018,中村獅童 Shido Nakamura,81.0,https://tw.movies.yahoo.com/name_main/81
7018,鈴木亮平 Ryohei Suzuki,580.0,https://tw.movies.yahoo.com/name_main/580
6966,梅爾吉勃遜 Mel Gibson,702.0,https://tw.movies.yahoo.com/name_main/702
6966,威爾法洛 Will Ferrell,198.0,https://tw.movies.yahoo.com/name_main/198
6926,強尼戴普 Johnny Depp,739.0,https://tw.movies.yahoo.com/name_main/739
6926,蜜雪兒菲佛 Michelle Pfeiffer,89.0,https://tw.movies.yahoo.com/name_main/89
6926,潘妮洛普克魯茲 Penelope Cruz,956.0,https://tw.movies.yahoo.com/name_main/956
6926,威廉達佛 Willem Dafoe,1354.0,https://tw.movies.yahoo.com/name_main/1354
6926,馬文坎薩利 Marwan Kenzari,40704.0,https://tw.movies.yahoo.com/name_main/40704
6728,茱莉亞羅勃茲 Julia Roberts,185.0,https://tw.movies.yahoo.com/name_main/185
6728,歐文威爾森 Owen Wilson,512.0,https://tw.movies.yahoo.com/name_main/512
6975,班維蕭 Ben Whishaw,542.0,https://tw.movies.yahoo.com/name_main/542
6981,休傑克曼 Hugh Jackman,721.0,https://tw.movies.yahoo.com/name_main/721
6981,柴克艾弗隆 Zac Efron,1396.0,https://tw.movies.yahoo.com/name_main/1396
6981,蜜雪兒威廉斯 Michelle Williams,941.0,https://tw.movies.yahoo.com/name_main/941
6978,安娜坎卓克 Anna Kendrick,450.0,https://tw.movies.yahoo.com/name_main/450
6978,伊莉莎白班克斯 Elizabeth Banks,182.0,https://tw.movies.yahoo.com/name_main/182
7015,喬萊特 Joe Wright,1152.0,https://tw.movies.yahoo.com/name_main/1152
7015,蓋瑞歐德曼 Gary Oldman,1076.0,https://tw.movies.yahoo.com/name_main/1076
7015,莉莉詹姆斯 Lily James,431.0,https://tw.movies.yahoo.com/name_main/431
7015,克莉絲汀史考特湯... Kristin Scott Thom...,186.0,https://tw.movies.yahoo.com/name_main/186
6953,佛瑞斯特懷特克 Forest Whitaker,38.0,https://tw.movies.yahoo.com/name_main/38
7028,郭富城 Aaron Kwok,1209.0,https://tw.movies.yahoo.com/name_main/1209
7028,馮紹峰 William Feng,29213.0,https://tw.movies.yahoo.com/name_main/29213
7028,趙麗穎 Zanilia Zhao,39644.0,https://tw.movies.yahoo.com/name_main/39644
7028,林志玲 Lin Chi-ling,32975.0,https://tw.movies.yahoo.com/name_main/32975
7028,梁詠琪 Gigi Leung,32645.0,https://tw.movies.yahoo.com/name_main/32645
6960,凱特麥金儂 Kate McKinnon,634.0,https://tw.movies.yahoo.com/name_main/634
7014,哈里克萊文 Harry Cleven,40626.0,https://tw.movies.yahoo.com/name_main/40626
7014,芙洛兒潔芙莉爾 Fleur Geffrier,40630.0,https://tw.movies.yahoo.com/name_main/40630
7014,艾莉娜羅恩頌 Elina Lowensohn,40633.0,https://tw.movies.yahoo.com/name_main/40633
7012,永井聰 Akira Nagai,40592.0,https://tw.movies.yahoo.com/name_main/40592
7012,菅田將暉,40598.0,https://tw.movies.yahoo.com/name_main/40598
7012,野村周平,40601.0,https://tw.movies.yahoo.com/name_main/40601
7012,竹內涼真 Ryoma Takeuchi,40720.0,https://tw.movies.yahoo.com/name_main/40720
7009,基努李維 Keanu Reeves,724.0,https://tw.movies.yahoo.com/name_main/724
7009,金凱瑞 Jim Carrey,965.0,https://tw.movies.yahoo.com/name_main/965
7009,傑森摩莫亞 Jason Momoa,19286.0,https://tw.movies.yahoo.com/name_main/19286
6993,尚皮耶居 Jean-Pierre Jeunet,1503.0,https://tw.movies.yahoo.com/name_main/1503
6993,奧黛麗朵杜 Audrey Tautou,232.0,https://tw.movies.yahoo.com/name_main/232
6988,馬可斯卡尼費利 Marcos Carnevale,1460.0,https://tw.movies.yahoo.com/name_main/1460
6988,奧斯卡馬丁尼茲 Oscar Martinez,1462.0,https://tw.movies.yahoo.com/name_main/1462
6988,羅德里哥塞納 Rodrigo de la Sern...,1465.0,https://tw.movies.yahoo.com/name_main/1465
6882,橋本愛 Ai Hashimoto,444.0,https://tw.movies.yahoo.com/name_main/444
6882,染谷將太 Shota Sometani,392.0,https://tw.movies.yahoo.com/name_main/392
6882,永野芽郁 Mei Nagano,22148.0,https://tw.movies.yahoo.com/name_main/22148
6680,歐文威爾森 Owen Wilson,512.0,https://tw.movies.yahoo.com/name_main/512
6680,艾米漢默 Armie Hammer,1236.0,https://tw.movies.yahoo.com/name_main/1236
6829,傑米福克斯 Jamie Foxx,1181.0,https://tw.movies.yahoo.com/name_main/1181
6829,凱文史貝西 Kevin Spacey,2259.0,https://tw.movies.yahoo.com/name_main/2259
6829,莉莉詹姆斯 Lily James,431.0,https://tw.movies.yahoo.com/name_main/431
6829,安索艾格特 Ansel Elgort,27023.0,https://tw.movies.yahoo.com/name_main/27023
6254,盧貝松 Luc Besson,859.0,https://tw.movies.yahoo.com/name_main/859
6254,卡拉迪樂芬妮 Cara Delevingne,508.0,https://tw.movies.yahoo.com/name_main/508
6254,克里夫歐文 Clive Owen,2.0,https://tw.movies.yahoo.com/name_main/2
6254,伊森霍克 Ethan Hawke,815.0,https://tw.movies.yahoo.com/name_main/815
6254,蕾哈娜 Rihanna,31994.0,https://tw.movies.yahoo.com/name_main/31994
6254,丹恩德翰 Dane DeHaan,268.0,https://tw.movies.yahoo.com/name_main/268
7050,安東葉爾欽 Anton Yelchin,996.0,https://tw.movies.yahoo.com/name_main/996
7048,米蓮麥凱 Mylène MacKay,40825.0,https://tw.movies.yahoo.com/name_main/40825
7054,尼可拉斯班納莫 Nicolas Benamou,40864.0,https://tw.movies.yahoo.com/name_main/40864
7054,荷西賈西亞 Jose Garcia,19934.0,https://tw.movies.yahoo.com/name_main/19934
7054,安狄度索里亞 André Dussollier,2715.0,https://tw.movies.yahoo.com/name_main/2715
7054,凱洛琳維蓋奧 Caroline Vigneaux,40866.0,https://tw.movies.yahoo.com/name_main/40866
7060,吉翁卡列 Guillaume Canet,3612.0,https://tw.movies.yahoo.com/name_main/3612
7060,瑪莉詠柯蒂亞 Marion Cotillard,710.0,https://tw.movies.yahoo.com/name_main/710
7062,李啟源,11714.0,https://tw.movies.yahoo.com/name_main/11714
7062,王陽明 Sunny Wang,36908.0,https://tw.movies.yahoo.com/name_main/36908
7062,陳庭妮 Annie Chen,28118.0,https://tw.movies.yahoo.com/name_main/28118
7062,喜翔 Jason King,37463.0,https://tw.movies.yahoo.com/name_main/37463
7062,廖峻,32675.0,https://tw.movies.yahoo.com/name_main/32675
7062,陸弈靜 Lu Yi-ching,33380.0,https://tw.movies.yahoo.com/name_main/33380
7064,查克史奈德 Zack Snyder,9698.0,https://tw.movies.yahoo.com/name_main/9698
7064,班艾佛列克 Ben Affleck,2364.0,https://tw.movies.yahoo.com/name_main/2364
7064,亨利卡維爾 Henry Cavill,1017.0,https://tw.movies.yahoo.com/name_main/1017
7064,蓋兒加朵 Gal Gadot,578.0,https://tw.movies.yahoo.com/name_main/578
7064,傑森摩莫亞 Jason Momoa,19286.0,https://tw.movies.yahoo.com/name_main/19286
7064,艾美亞當斯 Amy Adams,239.0,https://tw.movies.yahoo.com/name_main/239
7064,伊薩米勒 Ezra Miller,524.0,https://tw.movies.yahoo.com/name_main/524
7064,安柏赫德 Amber Heard,1015.0,https://tw.movies.yahoo.com/name_main/1015
6877,歐馬希 Omar Sy,687.0,https://tw.movies.yahoo.com/name_main/687
7070,小栗旬 Shun Oguri,1035.0,https://tw.movies.yahoo.com/name_main/1035
7070,長澤雅美 Masami Nagasawa,368.0,https://tw.movies.yahoo.com/name_main/368
7070,安藤櫻 Sakura Ando,479.0,https://tw.movies.yahoo.com/name_main/479
7073,"森田芳光 Morita, Yoshimitsu",40872.0,https://tw.movies.yahoo.com/name_main/40872
7073,役所廣司 Kôji Yakusho,2394.0,https://tw.movies.yahoo.com/name_main/2394
7073,黑木瞳 Kuroki Hitomi,40873.0,https://tw.movies.yahoo.com/name_main/40873
7073,木村佳乃 Kimura Yoshino,34106.0,https://tw.movies.yahoo.com/name_main/34106
7077,麥可奎斯塔 Michael Cuesta,7625.0,https://tw.movies.yahoo.com/name_main/7625
7077,狄倫歐布萊恩 Dylan O'Brien,17267.0,https://tw.movies.yahoo.com/name_main/17267
7077,米高基頓 Michael Keaton,715.0,https://tw.movies.yahoo.com/name_main/715
7077,莎娜拉森 Sanaa Lathan,24470.0,https://tw.movies.yahoo.com/name_main/24470
7077,泰勒基奇 Taylor Kitsch,1067.0,https://tw.movies.yahoo.com/name_main/1067
6534,布蘭頓思懷茲 Brenton Thwaites,275.0,https://tw.movies.yahoo.com/name_main/275
6534,哈維爾巴登 Javier Bardem,951.0,https://tw.movies.yahoo.com/name_main/951
6534,強尼戴普 Johnny Depp,739.0,https://tw.movies.yahoo.com/name_main/739
6534,奧蘭多布魯 Orlando Bloom,1007.0,https://tw.movies.yahoo.com/name_main/1007
7079,強納森萊斯梅爾 Jonathan Rhys Meye...,937.0,https://tw.movies.yahoo.com/name_main/937
6870,林志玲 Lin Chi-ling,32975.0,https://tw.movies.yahoo.com/name_main/32975
6875,凱瑞艾文斯 Cary Elwes,875.0,https://tw.movies.yahoo.com/name_main/875
6875,潘妮洛普克魯茲 Penelope Cruz,956.0,https://tw.movies.yahoo.com/name_main/956
7027,萊羅索楊恩 Ry Russo-Young,40722.0,https://tw.movies.yahoo.com/name_main/40722
7027,柔伊德區 Zoey Deutch,26525.0,https://tw.movies.yahoo.com/name_main/26525
7083,蘇珊喬森 Susan Johnson,40882.0,https://tw.movies.yahoo.com/name_main/40882
7083,貝兒波麗 Bel Powley,40884.0,https://tw.movies.yahoo.com/name_main/40884
7083,奈森連恩 Nathan Lane,3891.0,https://tw.movies.yahoo.com/name_main/3891
7083,蓋布瑞拜恩 Gabriel Byrne,3069.0,https://tw.movies.yahoo.com/name_main/3069
7087,徐嬌 Jiao Xu,1247.0,https://tw.movies.yahoo.com/name_main/1247
6927,阿部寬 Hiroshi Abe,1081.0,https://tw.movies.yahoo.com/name_main/1081
6927,天海祐希 Yuki Amami,478.0,https://tw.movies.yahoo.com/name_main/478
7098,多明尼克庫柏 Dominic Cooper,335.0,https://tw.movies.yahoo.com/name_main/335
7108,陳敬音 Kirsten Tan,40914.0,https://tw.movies.yahoo.com/name_main/40914
7108,塔內瓦拉庫努婁 Thaneth Warakulnuk...,40922.0,https://tw.movies.yahoo.com/name_main/40922
7108,潘帕克希蕊古 Penpak Sirikul,23480.0,https://tw.movies.yahoo.com/name_main/23480
7110,傑瑞米雷納 Jeremy Renner,1108.0,https://tw.movies.yahoo.com/name_main/1108
7110,伊莉莎白奧爾森 Elizabeth Olsen,263.0,https://tw.movies.yahoo.com/name_main/263
7113,大衛芬奇 David Fincher,177.0,https://tw.movies.yahoo.com/name_main/177
7113,布萊德彼特 Brad Pitt,1288.0,https://tw.movies.yahoo.com/name_main/1288
7113,艾德華諾頓 Edward Norton,1106.0,https://tw.movies.yahoo.com/name_main/1106
7113,海倫娜波漢卡特 Helena Bonham Cart...,1006.0,https://tw.movies.yahoo.com/name_main/1006
6615,布麗拉爾森 Brie Larson,556.0,https://tw.movies.yahoo.com/name_main/556
6615,約翰萊利 John C. Reilly,1056.0,https://tw.movies.yahoo.com/name_main/1056
6615,山繆傑克森 Samuel L. Jackson,1529.0,https://tw.movies.yahoo.com/name_main/1529
6615,湯姆希德斯頓 Tom Hiddleston,1275.0,https://tw.movies.yahoo.com/name_main/1275
6615,景甜 Jing Tian,1579.0,https://tw.movies.yahoo.com/name_main/1579
6777,阿米爾罕 Aamir Khan,1278.0,https://tw.movies.yahoo.com/name_main/1278
7101,麗莎阿祖洛斯 Lisa Azuelos,7154.0,https://tw.movies.yahoo.com/name_main/7154
7101,斯維娃阿爾維蒂 Sveva Alviti,40913.0,https://tw.movies.yahoo.com/name_main/40913
7102,永野芽郁 Mei Nagano,22148.0,https://tw.movies.yahoo.com/name_main/22148
6944,蔡瀚億 Babyjohn Choi,27614.0,https://tw.movies.yahoo.com/name_main/27614
6944,金燕玲 Elaine Jin,31217.0,https://tw.movies.yahoo.com/name_main/31217
6944,鄭欣宜 Joyce Cheng,39866.0,https://tw.movies.yahoo.com/name_main/39866
7115,王毓雅 Alice Wang,36929.0,https://tw.movies.yahoo.com/name_main/36929
7115,王奕瑾 Candy Wang,36911.0,https://tw.movies.yahoo.com/name_main/36911
7115,朱永菁 Eisei Shu,40924.0,https://tw.movies.yahoo.com/name_main/40924
7136,丹尼爾維卡利 Daniele Vicari,40976.0,https://tw.movies.yahoo.com/name_main/40976
7136,伊莎貝拉拉貢妮絲 Isabella Ragonese,18932.0,https://tw.movies.yahoo.com/name_main/18932
7136,艾娃葛莉艾可 Eva Grieco,40973.0,https://tw.movies.yahoo.com/name_main/40973
7136,法蘭西斯科蒙塔納... Francesco Montanar...,40975.0,https://tw.movies.yahoo.com/name_main/40975
7133,林育賢,11951.0,https://tw.movies.yahoo.com/name_main/11951
7133,郭樂興,40970.0,https://tw.movies.yahoo.com/name_main/40970
7121,瑞奇拉格斯戴爾 Rich Ragsdale,40949.0,https://tw.movies.yahoo.com/name_main/40949
7121,絲考泰勒康普頓 Scout Taylor Compt...,40950.0,https://tw.movies.yahoo.com/name_main/40950
7124,娜歐蜜華茲 Naomi Watts,107.0,https://tw.movies.yahoo.com/name_main/107
6837,喬伊金 Joey King,1239.0,https://tw.movies.yahoo.com/name_main/1239
6682,巨石強森 Dwayne Johnson,1216.0,https://tw.movies.yahoo.com/name_main/1216
6682,柴克艾弗隆 Zac Efron,1396.0,https://tw.movies.yahoo.com/name_main/1396
7156,凱特布蘭琪 Cate Blanchett,1309.0,https://tw.movies.yahoo.com/name_main/1309
7191,陳宏一 Chen Hung-i,10214.0,https://tw.movies.yahoo.com/name_main/10214
7209,喜翔 Jason King,37463.0,https://tw.movies.yahoo.com/name_main/37463
6878,林遣都 Hayashi Kento,1587.0,https://tw.movies.yahoo.com/name_main/1587
6878,安藤政信 Masanobu Ando,125.0,https://tw.movies.yahoo.com/name_main/125
6647,湯姆克魯斯 Tom Cruise,1157.0,https://tw.movies.yahoo.com/name_main/1157
6647,蘇菲亞波提拉 Sofia Boutella,658.0,https://tw.movies.yahoo.com/name_main/658
7153,蕭寒,41014.0,https://tw.movies.yahoo.com/name_main/41014
7161,小栗旬 Shun Oguri,1035.0,https://tw.movies.yahoo.com/name_main/1035
7161,北川景子 Kitagawa Keiko,27338.0,https://tw.movies.yahoo.com/name_main/27338
7277,馬丁波渥斯 Martin Provost,7484.0,https://tw.movies.yahoo.com/name_main/7484
7277,凱薩琳丹妮芙 Catherine Deneuve,148.0,https://tw.movies.yahoo.com/name_main/148
7277,凱特琳芙蘿 Catherine Frot,3288.0,https://tw.movies.yahoo.com/name_main/3288
7196,羅儀修,41116.0,https://tw.movies.yahoo.com/name_main/41116
7196,賴茹君,41103.0,https://tw.movies.yahoo.com/name_main/41103
7196,張明豪,41106.0,https://tw.movies.yahoo.com/name_main/41106
7196,莊雅竹,41109.0,https://tw.movies.yahoo.com/name_main/41109
7196,林宏明,41112.0,https://tw.movies.yahoo.com/name_main/41112
7196,張瑜珊,41113.0,https://tw.movies.yahoo.com/name_main/41113
7151,馬克偉柏 Marc Webb,7340.0,https://tw.movies.yahoo.com/name_main/7340
7151,凱特貝琴薩 Kate Beckinsale,489.0,https://tw.movies.yahoo.com/name_main/489
7151,傑夫布里吉 Jeff Bridges,927.0,https://tw.movies.yahoo.com/name_main/927
7151,卡倫透納 Callum Turner,16043.0,https://tw.movies.yahoo.com/name_main/16043
7151,皮爾斯布洛斯南 Pierce Brosnan,1572.0,https://tw.movies.yahoo.com/name_main/1572
7151,辛西亞尼克森 Cynthia Nixon,41012.0,https://tw.movies.yahoo.com/name_main/41012
7187,尾野真千子 Machiko Ono,433.0,https://tw.movies.yahoo.com/name_main/433
7187,林遣都 Hayashi Kento,1587.0,https://tw.movies.yahoo.com/name_main/1587
7234,文森林頓 Vincent Lindon,475.0,https://tw.movies.yahoo.com/name_main/475
7240,蘇巴西什普塔尼 Shubhashish Bhutiani,41183.0,https://tw.movies.yahoo.com/name_main/41183
7240,阿迪爾胡珊 Adil Hussain,26582.0,https://tw.movies.yahoo.com/name_main/26582
7240,拉雷特貝爾 Lalit Behl,41186.0,https://tw.movies.yahoo.com/name_main/41186
7272,傑瑞德巴特勒 Gerard Butler,558.0,https://tw.movies.yahoo.com/name_main/558
7272,吉姆史特葛斯 Jim Sturgess,745.0,https://tw.movies.yahoo.com/name_main/745
7272,艾比柯妮許 Abbie Cornish,1321.0,https://tw.movies.yahoo.com/name_main/1321
7272,安迪賈西亞 Andy Garcia,106.0,https://tw.movies.yahoo.com/name_main/106
7147,尾野真千子 Machiko Ono,433.0,https://tw.movies.yahoo.com/name_main/433
7147,向井理 Osamu Mukai,23204.0,https://tw.movies.yahoo.com/name_main/23204
7220,莎柔絲羅南 Saoirse Ronan,41156.0,https://tw.movies.yahoo.com/name_main/41156
7220,克里斯奧多德 Chris O'Dowd,533.0,https://tw.movies.yahoo.com/name_main/533
7228,麥克懷特 Mike White,41165.0,https://tw.movies.yahoo.com/name_main/41165
7228,班史提勒 Ben Stiller,201.0,https://tw.movies.yahoo.com/name_main/201
7228,麥可辛 Michael Sheen,930.0,https://tw.movies.yahoo.com/name_main/930
7228,麥克懷特 Mike White,41165.0,https://tw.movies.yahoo.com/name_main/41165
7263,熊澤尚人,13598.0,https://tw.movies.yahoo.com/name_main/13598
7263,芳根京子 Yoshine Kyoko,41219.0,https://tw.movies.yahoo.com/name_main/41219
7263,中島健人,39998.0,https://tw.movies.yahoo.com/name_main/39998
7262,丹尼史莊 Danny Strong,41215.0,https://tw.movies.yahoo.com/name_main/41215
7262,尼可拉斯霍特 Nicholas Hoult,968.0,https://tw.movies.yahoo.com/name_main/968
7262,凱文史貝西 Kevin Spacey,2259.0,https://tw.movies.yahoo.com/name_main/2259
7262,柔伊德區 Zoey Deutch,26525.0,https://tw.movies.yahoo.com/name_main/26525
7262,莎拉保羅森 Sarah Paulson,41216.0,https://tw.movies.yahoo.com/name_main/41216
7217,安迪席克斯 Andy Serkis,305.0,https://tw.movies.yahoo.com/name_main/305
7217,安德魯加菲爾德 Andrew Garfield,693.0,https://tw.movies.yahoo.com/name_main/693
7217,克萊兒芙伊 Claire Foy,16553.0,https://tw.movies.yahoo.com/name_main/16553
7141,麥可斯派瑞格 Michael Spierig,12284.0,https://tw.movies.yahoo.com/name_main/12284
7141,彼得斯派瑞格 Peter Spierig,10046.0,https://tw.movies.yahoo.com/name_main/10046
7141,蘿拉凡德沃特 Laura Vandervoort,40984.0,https://tw.movies.yahoo.com/name_main/40984
7141,曼德拉范皮柏斯 Mandela Van Peeble...,40987.0,https://tw.movies.yahoo.com/name_main/40987
7141,布蘭妮艾倫 Brittany Allen,40990.0,https://tw.movies.yahoo.com/name_main/40990
7141,卡倫基斯雷尼 Callum Keith Renni...,3489.0,https://tw.movies.yahoo.com/name_main/3489
7141,馬特帕斯默 Matt Passmore,40992.0,https://tw.movies.yahoo.com/name_main/40992
7141,漢娜艾蜜莉安德森 Hannah Emily Ander...,40993.0,https://tw.movies.yahoo.com/name_main/40993
7141,托賓貝爾 Tobin Bell,2856.0,https://tw.movies.yahoo.com/name_main/2856
7227,詹姆士艾佛利 James Ivory,6188.0,https://tw.movies.yahoo.com/name_main/6188
7227,艾瑪湯普遜 Emma Thompson,189.0,https://tw.movies.yahoo.com/name_main/189
7227,安東尼霍普金斯 Anthony Hopkins,766.0,https://tw.movies.yahoo.com/name_main/766
7227,凡妮莎蕾格烈芙 Vanessa Redgrave,25940.0,https://tw.movies.yahoo.com/name_main/25940
7227,海倫娜波漢卡特 Helena Bonham Cart...,1006.0,https://tw.movies.yahoo.com/name_main/1006
7259,余文樂 Shawn Yue,741.0,https://tw.movies.yahoo.com/name_main/741
7259,張晉 Max Zhang,39335.0,https://tw.movies.yahoo.com/name_main/39335
7259,林家棟 Gordon Lam,32756.0,https://tw.movies.yahoo.com/name_main/32756
7259,文詠珊 Janice Man,37142.0,https://tw.movies.yahoo.com/name_main/37142
7296,役所廣司 Kôji Yakusho,2394.0,https://tw.movies.yahoo.com/name_main/2394
7296,有村架純 Kasumi Arimura,527.0,https://tw.movies.yahoo.com/name_main/527
7199,水樹奈奈,35801.0,https://tw.movies.yahoo.com/name_main/35801
7139,喬瑟夫柯辛斯基 Joseph Kosinski,6680.0,https://tw.movies.yahoo.com/name_main/6680
7139,喬許布洛林 Josh Brolin,1084.0,https://tw.movies.yahoo.com/name_main/1084
7139,麥爾斯泰勒 Miles Teller,432.0,https://tw.movies.yahoo.com/name_main/432
7139,傑夫布里吉 Jeff Bridges,927.0,https://tw.movies.yahoo.com/name_main/927
7139,詹姆斯貝吉戴爾 James Badge Dale,39206.0,https://tw.movies.yahoo.com/name_main/39206
7139,珍妮佛康娜莉 Jennifer Connelly,1342.0,https://tw.movies.yahoo.com/name_main/1342
7139,泰勒基奇 Taylor Kitsch,1067.0,https://tw.movies.yahoo.com/name_main/1067
7184,艾瑪史東 Emma Stone,1097.0,https://tw.movies.yahoo.com/name_main/1097
7184,史提夫卡爾 Steve Carell,800.0,https://tw.movies.yahoo.com/name_main/800
7243,黑木華 Haru Kuroki,299.0,https://tw.movies.yahoo.com/name_main/299
7243,阿部寬 Hiroshi Abe,1081.0,https://tw.movies.yahoo.com/name_main/1081
7257,張涵予 Hanyu Zhang,660.0,https://tw.movies.yahoo.com/name_main/660
7287,雷夫范恩斯 Ralph Fiennes,270.0,https://tw.movies.yahoo.com/name_main/270
7225,葛格麥克林 Greg McLean,1995.0,https://tw.movies.yahoo.com/name_main/1995
7225,丹尼爾雷德克里夫 Daniel Radcliffe,16847.0,https://tw.movies.yahoo.com/name_main/16847
7286,莉莉詹姆斯 Lily James,431.0,https://tw.movies.yahoo.com/name_main/431
7256,張家輝 Nick Cheung,316.0,https://tw.movies.yahoo.com/name_main/316
7256,張家輝 Nick Cheung,316.0,https://tw.movies.yahoo.com/name_main/316
7274,傑克布萊克 Jack Black,572.0,https://tw.movies.yahoo.com/name_main/572
7274,巨石強森 Dwayne Johnson,1216.0,https://tw.movies.yahoo.com/name_main/1216
7274,凱文哈特 Kevin Hart,635.0,https://tw.movies.yahoo.com/name_main/635
7290,艾方索戈梅茲雷瓊 Alfonso Gomez-Rejon,9818.0,https://tw.movies.yahoo.com/name_main/9818
7290,班尼迪克康柏拜區 Benedict Cumberbat...,1218.0,https://tw.movies.yahoo.com/name_main/1218
7290,麥可夏儂 Michael Shannon,638.0,https://tw.movies.yahoo.com/name_main/638
7290,尼可拉斯霍特 Nicholas Hoult,968.0,https://tw.movies.yahoo.com/name_main/968
7290,湯姆霍蘭德 Tom Holland,585.0,https://tw.movies.yahoo.com/name_main/585
7290,凱薩琳沃特斯頓 Katherine Watersto...,20315.0,https://tw.movies.yahoo.com/name_main/20315
7222,亞歷山大潘恩 Alexander Payne,1072.0,https://tw.movies.yahoo.com/name_main/1072
7222,麥特戴蒙 Matt Damon,1026.0,https://tw.movies.yahoo.com/name_main/1026
7222,克里斯多夫沃茲 Christoph Waltz,1178.0,https://tw.movies.yahoo.com/name_main/1178
7215,艾迪瑞德曼 Eddie Redmayne,384.0,https://tw.movies.yahoo.com/name_main/384
7215,湯姆希德斯頓 Tom Hiddleston,1275.0,https://tw.movies.yahoo.com/name_main/1275
7221,達柯塔強生 Dakota Johnson,1350.0,https://tw.movies.yahoo.com/name_main/1350
7293,雷利史考特 Ridley Scott,820.0,https://tw.movies.yahoo.com/name_main/820
7293,馬克華柏格 Mark Wahlberg,3747.0,https://tw.movies.yahoo.com/name_main/3747
7293,凱文史貝西 Kevin Spacey,2259.0,https://tw.movies.yahoo.com/name_main/2259
7293,蜜雪兒威廉斯 Michelle Williams,941.0,https://tw.movies.yahoo.com/name_main/941
7293,查理普拉瑪 Charlie Plummer,41256.0,https://tw.movies.yahoo.com/name_main/41256
7241,珍妮佛勞倫斯 Jennifer Lawrence,706.0,https://tw.movies.yahoo.com/name_main/706
7241,喬爾埃哲頓 Joel Edgerton,1221.0,https://tw.movies.yahoo.com/name_main/1221
7241,馬提亞斯修奈爾 Matthias Schoenaer...,498.0,https://tw.movies.yahoo.com/name_main/498
7241,傑瑞米艾倫斯 Jeremy Irons,183.0,https://tw.movies.yahoo.com/name_main/183
6933,貝芮妮絲貝喬 Bérénice Bejo,462.0,https://tw.movies.yahoo.com/name_main/462
7299,凱特蕭蘭 Cate Shortland,41257.0,https://tw.movies.yahoo.com/name_main/41257
7299,泰瑞莎帕瑪 Teresa Palmer,25451.0,https://tw.movies.yahoo.com/name_main/25451
7299,麥司希麥特 Max Riemelt,22109.0,https://tw.movies.yahoo.com/name_main/22109
7149,黑澤明 Akira Kurosawa,10967.0,https://tw.movies.yahoo.com/name_main/10967
7194,合津貴雄 Takao Gotsu,41094.0,https://tw.movies.yahoo.com/name_main/41094
7194,梅原大吾 Daigo Umehara,41096.0,https://tw.movies.yahoo.com/name_main/41096
7194,小向 GamerBee,41097.0,https://tw.movies.yahoo.com/name_main/41097
7194,Oliver H... Oliver Hay Luffy,41100.0,https://tw.movies.yahoo.com/name_main/41100
7194,百地祐輔 Momochi,41091.0,https://tw.movies.yahoo.com/name_main/41091
7202,喬納斯納柏 Johannes Naber,41122.0,https://tw.movies.yahoo.com/name_main/41122
7202,費德烈克勞 Frederick Lau,18017.0,https://tw.movies.yahoo.com/name_main/18017
7202,亨麗埃特康芙莉絲 Henriette Confuriu...,18644.0,https://tw.movies.yahoo.com/name_main/18644
7202,莫里茲布雷多 Moritz Bleibtreu,41123.0,https://tw.movies.yahoo.com/name_main/41123
7202,塞巴斯帝安布羅柏... Sebastian Blomberg,41125.0,https://tw.movies.yahoo.com/name_main/41125
7204,甄子丹 Donnie Yen,1337.0,https://tw.movies.yahoo.com/name_main/1337
7204,劉德華 Andy Lau,1390.0,https://tw.movies.yahoo.com/name_main/1390
6928,河瀨直美 Naomi Kawase,514.0,https://tw.movies.yahoo.com/name_main/514
7311,戴夫巴蒂斯塔 Dave Bautista,518.0,https://tw.movies.yahoo.com/name_main/518
7320,卡林彼得奈特 Calin Peter Natzer,11399.0,https://tw.movies.yahoo.com/name_main/11399
7320,黛安娜卡娃柳堤 Diana Cavallioti,17108.0,https://tw.movies.yahoo.com/name_main/17108
7320,馬西亞波斯特尼楚 Mircea Postelnicu,41312.0,https://tw.movies.yahoo.com/name_main/41312
7323,安比查雅松可寒 Apichaya Thongkham,41329.0,https://tw.movies.yahoo.com/name_main/41329
7334,彼得杜克斯 Peter Dukes,41336.0,https://tw.movies.yahoo.com/name_main/41336
7334,史基艾瑞克 Skeet Ulrich,41337.0,https://tw.movies.yahoo.com/name_main/41337
7334,西恩楊 Sean Young,24611.0,https://tw.movies.yahoo.com/name_main/24611
7334,克莉絲汀唐隆 Christine Donlon,41340.0,https://tw.movies.yahoo.com/name_main/41340
7344,克里斯米耶拉 Chris Miera,41359.0,https://tw.movies.yahoo.com/name_main/41359
7315,佐藤健 Takeru Sato,1303.0,https://tw.movies.yahoo.com/name_main/1303
7315,綾野剛 Go Ayano,18296.0,https://tw.movies.yahoo.com/name_main/18296
7321,荷莉貝瑞 Halle Berry,2256.0,https://tw.movies.yahoo.com/name_main/2256
7338,洪尚秀 Hong Sang-soo,581.0,https://tw.movies.yahoo.com/name_main/581
7338,金珉禧 Kim Min-hee,3898.0,https://tw.movies.yahoo.com/name_main/3898
7331,彼德藍德斯曼 Peter Landesman,8267.0,https://tw.movies.yahoo.com/name_main/8267
7331,連恩尼遜 Liam Neeson,381.0,https://tw.movies.yahoo.com/name_main/381
7331,黛安蓮恩 Diane Lane,114.0,https://tw.movies.yahoo.com/name_main/114
7331,瑪嘉夢露 Maika Monroe,547.0,https://tw.movies.yahoo.com/name_main/547
7333,王明台,13292.0,https://tw.movies.yahoo.com/name_main/13292
7333,陳季霞,41331.0,https://tw.movies.yahoo.com/name_main/41331
7333,劉引商,41333.0,https://tw.movies.yahoo.com/name_main/41333
7333,柯一正,31613.0,https://tw.movies.yahoo.com/name_main/31613
7340,羅伯派汀森 Robert Pattinson,960.0,https://tw.movies.yahoo.com/name_main/960
7340,珍妮佛傑森李 Jennifer Jason Lei...,559.0,https://tw.movies.yahoo.com/name_main/559
7317,邁可坎邦,41308.0,https://tw.movies.yahoo.com/name_main/41308
7325,陶德海恩斯 Todd Haynes,564.0,https://tw.movies.yahoo.com/name_main/564
7325,茱莉安摩爾 Julianne Moore,939.0,https://tw.movies.yahoo.com/name_main/939
7325,蜜雪兒威廉斯 Michelle Williams,941.0,https://tw.movies.yahoo.com/name_main/941
7348,雨宮天 Sora Amamiya,1414.0,https://tw.movies.yahoo.com/name_main/1414
7305,安娜坎卓克 Anna Kendrick,450.0,https://tw.movies.yahoo.com/name_main/450
7305,伊莉莎白班克斯 Elizabeth Banks,182.0,https://tw.movies.yahoo.com/name_main/182
7300,狄倫歐布萊恩 Dylan O'Brien,17267.0,https://tw.movies.yahoo.com/name_main/17267
7300,李基弘 Ki Hong Lee,20510.0,https://tw.movies.yahoo.com/name_main/20510
7300,卡雅斯考達里奧 Kaya Scodelario,31451.0,https://tw.movies.yahoo.com/name_main/31451
7300,派翠西亞克拉克森 Patricia Clarkson,474.0,https://tw.movies.yahoo.com/name_main/474
7328,吉勒摩戴托羅 Guillermo del Toro,1245.0,https://tw.movies.yahoo.com/name_main/1245
7328,李察詹金斯 Richard Jenkins,868.0,https://tw.movies.yahoo.com/name_main/868
7336,娜塔莉波曼 Natalie Portman,1272.0,https://tw.movies.yahoo.com/name_main/1272
7336,珍妮佛傑森李 Jennifer Jason Lei...,559.0,https://tw.movies.yahoo.com/name_main/559
7476,保羅湯瑪斯安德森 Paul Thomas Anderson,258.0,https://movies.yahoo.com.tw/name_main/258
7476,丹尼爾戴路易斯 Daniel Day-Lewis,16835.0,https://movies.yahoo.com.tw/name_main/16835
7476,蕾絲莉蔓薇爾 Lesley Manville,21026.0,https://movies.yahoo.com.tw/name_main/21026
7476,維琪克雷普 Vicky Krieps,25991.0,https://movies.yahoo.com.tw/name_main/25991
7512,艾瑞克巴比爾 Eric Barbier,41702.0,https://movies.yahoo.com.tw/name_main/41702
7512,夏綠蒂甘斯柏 Charlotte Gainsbou...,752.0,https://movies.yahoo.com.tw/name_main/752
7512,皮耶尼內 Pierre Niney,23645.0,https://movies.yahoo.com.tw/name_main/23645
7524,二宮和也 Kazunari Ninomiya,612.0,https://movies.yahoo.com.tw/name_main/612
7524,西島秀俊 Hidetoshi Nishijim...,642.0,https://movies.yahoo.com.tw/name_main/642
7524,宮崎葵 Aoi Miyazaki,206.0,https://movies.yahoo.com.tw/name_main/206
7524,綾野剛 Go Ayano,18296.0,https://movies.yahoo.com.tw/name_main/18296
7524,竹野內豐 Utaka Takenouchi,1024.0,https://movies.yahoo.com.tw/name_main/1024
7528,艾倫索金 Aaron Sorkin,41749.0,https://movies.yahoo.com.tw/name_main/41749
7528,潔西卡雀絲坦 Jessica Chastain,388.0,https://movies.yahoo.com.tw/name_main/388
7528,伊卓瑞斯艾巴 Idris Elba,632.0,https://movies.yahoo.com.tw/name_main/632
7528,凱文科斯納 Kevin Costner,2307.0,https://movies.yahoo.com.tw/name_main/2307
7528,克里斯奧多德 Chris O'Dowd,533.0,https://movies.yahoo.com.tw/name_main/533
7530,熊澤尚人,13598.0,https://movies.yahoo.com.tw/name_main/13598
7530,吉高由里子 Yuriko Yoshitaka,797.0,https://movies.yahoo.com.tw/name_main/797
7530,松山研一 Kenichi Matsuyama,1023.0,https://movies.yahoo.com.tw/name_main/1023
7530,松坂桃李 Tori Matsuzaka,25745.0,https://movies.yahoo.com.tw/name_main/25745
7622,麥可斯派瑞格 Michael Spierig,12284.0,https://movies.yahoo.com.tw/name_main/12284
7622,彼得斯派瑞格 Peter Spierig,10046.0,https://movies.yahoo.com.tw/name_main/10046
7622,海倫米蘭 Helen Mirren,3399.0,https://movies.yahoo.com.tw/name_main/3399
7622,莎拉史諾克 Sarah Snook,422.0,https://movies.yahoo.com.tw/name_main/422
7622,傑森克拉克 Jason Clarke,306.0,https://movies.yahoo.com.tw/name_main/306
7703,趙震雄 CHO JIN-WOONG,16376.0,https://movies.yahoo.com.tw/name_main/16376
7706,莫里茲布雷多 Moritz Bleibtreu,41123.0,https://movies.yahoo.com.tw/name_main/41123
7467,西恩貝克 SEAN BAKER,13475.0,https://movies.yahoo.com.tw/name_main/13475
7467,威廉達佛 Willem Dafoe,1354.0,https://movies.yahoo.com.tw/name_main/1354
7467,布魯克林普萊斯 Brooklynn Prince,41631.0,https://movies.yahoo.com.tw/name_main/41631
7467,布莉雅威奈特 Bria Vinaite,42074.0,https://movies.yahoo.com.tw/name_main/42074
7539,有村架純 Kasumi Arimura,527.0,https://movies.yahoo.com.tw/name_main/527
7614,瑪格羅比 Margot Robbie,419.0,https://movies.yahoo.com.tw/name_main/419
7614,賽巴斯汀史坦 Sebastian Stan,24632.0,https://movies.yahoo.com.tw/name_main/24632
7614,艾莉森珍妮 Allison Janney,14831.0,https://movies.yahoo.com.tw/name_main/14831
7644,文晏,41973.0,https://movies.yahoo.com.tw/name_main/41973
7644,文淇 Vicky CHEN,41193.0,https://movies.yahoo.com.tw/name_main/41193
7644,陳竹昇 Bamboo Chen,28256.0,https://movies.yahoo.com.tw/name_main/28256
7644,周美君,41971.0,https://movies.yahoo.com.tw/name_main/41971
7671,塔瑞克布達里 Tarek Boudali,42021.0,https://movies.yahoo.com.tw/name_main/42021
7671,菲力普拉紹 Philippe Lacheau,23585.0,https://movies.yahoo.com.tw/name_main/23585
7671,塔瑞克布達里 Tarek Boudali,42021.0,https://movies.yahoo.com.tw/name_main/42021
7679,尼可拉斯凱吉 Nicolas Cage,13.0,https://movies.yahoo.com.tw/name_main/13
7679,莎瑪布萊兒 Selma Blair,120.0,https://movies.yahoo.com.tw/name_main/120
7428,植田佳奈,39932.0,https://movies.yahoo.com.tw/name_main/39932
7495,尼可萊弗格席 Nicolai Fuglsig,41690.0,https://movies.yahoo.com.tw/name_main/41690
7495,克里斯漢斯沃 Chris Hemsworth,1269.0,https://movies.yahoo.com.tw/name_main/1269
7495,麥可夏儂 Michael Shannon,638.0,https://movies.yahoo.com.tw/name_main/638
7495,麥可潘納 Michael Peña,1376.0,https://movies.yahoo.com.tw/name_main/1376
7495,崔範坦羅德 Trevante Rhodes,25760.0,https://movies.yahoo.com.tw/name_main/25760
7495,艾兒莎巴塔奇 Elsa Pataky,17471.0,https://movies.yahoo.com.tw/name_main/17471
7566,詹姆斯法蘭科 James Franco,889.0,https://movies.yahoo.com.tw/name_main/889
7566,戴夫法蘭科 Dave Franco,278.0,https://movies.yahoo.com.tw/name_main/278
7566,塞斯羅根 Seth Rogen,174.0,https://movies.yahoo.com.tw/name_main/174
7566,愛莉森布里 Alison Brie,517.0,https://movies.yahoo.com.tw/name_main/517
7566,喬許哈契遜 Josh Hutcherson,1045.0,https://movies.yahoo.com.tw/name_main/1045
7566,詹姆斯法蘭科 James Franco,889.0,https://movies.yahoo.com.tw/name_main/889
7599,王俊凱,36755.0,https://movies.yahoo.com.tw/name_main/36755
7599,董子健,28880.0,https://movies.yahoo.com.tw/name_main/28880
7599,迪麗熱巴,41870.0,https://movies.yahoo.com.tw/name_main/41870
7599,成龍 Jackie Chan,1373.0,https://movies.yahoo.com.tw/name_main/1373
7599,郝蕾 Lei Hao,110.0,https://movies.yahoo.com.tw/name_main/110
7635,林麗芳,41956.0,https://movies.yahoo.com.tw/name_main/41956
7522,河正宇 Jung-woo Ha,626.0,https://movies.yahoo.com.tw/name_main/626
7608,連恩尼遜 Liam Neeson,381.0,https://movies.yahoo.com.tw/name_main/381
7608,薇拉法蜜嘉 Vera Farmiga,1059.0,https://movies.yahoo.com.tw/name_main/1059
7612,亞伯杜龐帝 Albert Dupontel,3606.0,https://movies.yahoo.com.tw/name_main/3606
7612,比斯卡亞 Nahuel Pérez Bisca...,41902.0,https://movies.yahoo.com.tw/name_main/41902
7617,艾米漢默 Armie Hammer,1236.0,https://movies.yahoo.com.tw/name_main/1236
7504,宋欣穎,41696.0,https://movies.yahoo.com.tw/name_main/41696
7504,桂綸鎂 Kwai Lun-mei,1208.0,https://movies.yahoo.com.tw/name_main/1208
7504,魏德聖 Wei Te-Sheng,13385.0,https://movies.yahoo.com.tw/name_main/13385
7504,陳博正,27896.0,https://movies.yahoo.com.tw/name_main/27896
7504,廖慧珍,32672.0,https://movies.yahoo.com.tw/name_main/32672
7415,曲全立,12770.0,https://movies.yahoo.com.tw/name_main/12770
7487,金容華 KIM Yong-hwa,41660.0,https://movies.yahoo.com.tw/name_main/41660
7487,河正宇 Jung-woo Ha,626.0,https://movies.yahoo.com.tw/name_main/626
7487,車太鉉 CHA Tae-hyun,27833.0,https://movies.yahoo.com.tw/name_main/27833
7487,朱智勳 JU Ji-hoon,40262.0,https://movies.yahoo.com.tw/name_main/40262
7487,金香起 KIM Hyang-Gi,20531.0,https://movies.yahoo.com.tw/name_main/20531
7494,強盧卡斯 Jon Lucas,6605.0,https://movies.yahoo.com.tw/name_main/6605
7494,史考特摩爾 Scott Moore,8873.0,https://movies.yahoo.com.tw/name_main/8873
7494,蜜拉庫妮絲 Mila Kunis,995.0,https://movies.yahoo.com.tw/name_main/995
7494,克莉絲汀貝爾 Kristen Bell,1151.0,https://movies.yahoo.com.tw/name_main/1151
7494,凱瑟琳哈恩 Kathryn Hahn,20327.0,https://movies.yahoo.com.tw/name_main/20327
7494,賈斯汀哈特雷 Justin Hartley,41688.0,https://movies.yahoo.com.tw/name_main/41688
7494,蘇珊莎蘭登 Susan Sarandon,25190.0,https://movies.yahoo.com.tw/name_main/25190
7503,喬治克隆尼 George Clooney,116.0,https://movies.yahoo.com.tw/name_main/116
7503,麥特戴蒙 Matt Damon,1026.0,https://movies.yahoo.com.tw/name_main/1026
7503,茱莉安摩爾 Julianne Moore,939.0,https://movies.yahoo.com.tw/name_main/939
7503,奧斯卡伊薩克 Oscar Isaac,1344.0,https://movies.yahoo.com.tw/name_main/1344
7436,阿米爾罕 Aamir Khan,1278.0,https://movies.yahoo.com.tw/name_main/1278
7371,本鄉奏多 Kanata Hongo,313.0,https://movies.yahoo.com.tw/name_main/313
7377,石川淳一 Junichi Ishigawa,41426.0,https://movies.yahoo.com.tw/name_main/41426
7377,新垣結衣 Yui Aragaki,407.0,https://movies.yahoo.com.tw/name_main/407
7377,瑛太 Eita,17357.0,https://movies.yahoo.com.tw/name_main/17357
7377,廣末涼子 Ryoko Hirosue,469.0,https://movies.yahoo.com.tw/name_main/469
7377,真木陽子 Yoko Maki,1347.0,https://movies.yahoo.com.tw/name_main/1347
7377,蒼井優 Yu Aoi,26375.0,https://movies.yahoo.com.tw/name_main/26375
7377,永野芽郁 Mei Nagano,22148.0,https://movies.yahoo.com.tw/name_main/22148
7517,鄭人碩 Cheng Jen-Shuo,39848.0,https://movies.yahoo.com.tw/name_main/39848
7517,高捷 Jack Kao,734.0,https://movies.yahoo.com.tw/name_main/734
7710,羅賓康皮洛 Robin Campillo,42082.0,https://movies.yahoo.com.tw/name_main/42082
7710,比斯卡亞 Nahuel Pérez Bisca...,41902.0,https://movies.yahoo.com.tw/name_main/41902
7710,阿爾諾法盧瓦 Arnaud Valois,42083.0,https://movies.yahoo.com.tw/name_main/42083
7710,阿黛兒艾奈爾 Adele Haenel,14447.0,https://movies.yahoo.com.tw/name_main/14447
7712,比爾史卡斯加德 Bill Skarsgård,15752.0,https://movies.yahoo.com.tw/name_main/15752
7712,史戴倫史柯斯嘉 Stellan Skarsgard,1094.0,https://movies.yahoo.com.tw/name_main/1094
7712,艾莉西亞薇坎德 Alicia Vikander,482.0,https://movies.yahoo.com.tw/name_main/482
7720,西蒙加德諾 Simone Godano,42103.0,https://movies.yahoo.com.tw/name_main/42103
7720,凱西亞絲穆妮亞柯 Kasia Smutniak,20282.0,https://movies.yahoo.com.tw/name_main/20282
7720,皮耶法蘭西斯柯法... Pierfrancesco Favi...,23621.0,https://movies.yahoo.com.tw/name_main/23621
7479,史蒂芬史匹柏 Steven Spielberg,78.0,https://movies.yahoo.com.tw/name_main/78
7479,湯姆漢克 Tom Hanks,505.0,https://movies.yahoo.com.tw/name_main/505
7479,梅莉史翠普 Meryl Streep,412.0,https://movies.yahoo.com.tw/name_main/412
7479,愛莉森布里 Alison Brie,517.0,https://movies.yahoo.com.tw/name_main/517
7479,布魯斯格林伍德 Bruce Greenwood,3222.0,https://movies.yahoo.com.tw/name_main/3222
7746,露易絲布瓊 Louise Bourgoin,851.0,https://movies.yahoo.com.tw/name_main/851
7746,史蒂芬迪格特 Stéphane De Groodt,42146.0,https://movies.yahoo.com.tw/name_main/42146
7611,葛莉塔潔薇 Greta Gerwig,1312.0,https://movies.yahoo.com.tw/name_main/1312
7611,瑟夏羅南 Saoirse Ronan,41156.0,https://movies.yahoo.com.tw/name_main/41156
7691,李元太,42062.0,https://movies.yahoo.com.tw/name_main/42062
7691,宋承憲,35951.0,https://movies.yahoo.com.tw/name_main/35951
7691,趙震雄 CHO JIN-WOONG,16376.0,https://movies.yahoo.com.tw/name_main/16376
7625,山崎貴,12908.0,https://movies.yahoo.com.tw/name_main/12908
7625,堺雅人 Masato Sakai,892.0,https://movies.yahoo.com.tw/name_main/892
7625,高畑充希 TAKAHATA Mitsuki,25274.0,https://movies.yahoo.com.tw/name_main/25274
7625,堤真一 Shinichi Tsutsumi,153.0,https://movies.yahoo.com.tw/name_main/153
7625,安藤櫻 Sakura Ando,479.0,https://movies.yahoo.com.tw/name_main/479
7625,國村隼 Jun Kunimura,20111.0,https://movies.yahoo.com.tw/name_main/20111
7661,安里麻里 Mari Asato,41996.0,https://movies.yahoo.com.tw/name_main/41996
7661,山崎賢人 Yamazaki Kento,3952.0,https://movies.yahoo.com.tw/name_main/3952
7661,廣瀨愛麗絲 Hirose Alice,15368.0,https://movies.yahoo.com.tw/name_main/15368
7661,本鄉奏多 Kanata Hongo,313.0,https://movies.yahoo.com.tw/name_main/313
7729,瑪莉亞貝蘿 Maria Bello,3105.0,https://movies.yahoo.com.tw/name_main/3105
7744,亨里克簡茲 Henrik Genz,42132.0,https://movies.yahoo.com.tw/name_main/42132
7744,薩翰梅林 Søren Malling,42135.0,https://movies.yahoo.com.tw/name_main/42135
7744,麗莎妮爾森 Lisa Nilsson,42136.0,https://movies.yahoo.com.tw/name_main/42136
7804,羅恩謝爾頓 Ron Shelton,8705.0,https://movies.yahoo.com.tw/name_main/8705
7804,摩根費里曼 Morgan Freeman,2421.0,https://movies.yahoo.com.tw/name_main/2421
7804,湯米李瓊斯 Tommy Lee Jones,452.0,https://movies.yahoo.com.tw/name_main/452
7804,蕾妮羅素 Rene Russo,2304.0,https://movies.yahoo.com.tw/name_main/2304
7413,艾莉西亞薇坎德 Alicia Vikander,482.0,https://movies.yahoo.com.tw/name_main/482
7761,托比凱貝爾 Toby Kebbell,599.0,https://movies.yahoo.com.tw/name_main/599
7761,瑪姬葛瑞絲 Maggie Grace,1129.0,https://movies.yahoo.com.tw/name_main/1129
7638,阿道佛馬丁尼茲佩... Adolfo Marinez Perez,41957.0,https://movies.yahoo.com.tw/name_main/41957
7638,英葛麗嬌韓森 Ingrid Garcia Jons...,38762.0,https://movies.yahoo.com.tw/name_main/38762
7737,金成均,41831.0,https://movies.yahoo.com.tw/name_main/41831
7753,板尾創路,27266.0,https://movies.yahoo.com.tw/name_main/27266
7753,菅田將暉,40598.0,https://movies.yahoo.com.tw/name_main/40598
7753,桐谷健太 Kenta Kiritani,20435.0,https://movies.yahoo.com.tw/name_main/20435
7753,木村文乃 Fumino Kimura,34112.0,https://movies.yahoo.com.tw/name_main/34112
7796,廣瀨鈴 Suzu Hirose,669.0,https://movies.yahoo.com.tw/name_main/669
7796,生田斗真 Toma Ikuta,526.0,https://movies.yahoo.com.tw/name_main/526
7634,二宮健 Ken Ninomiya,41950.0,https://movies.yahoo.com.tw/name_main/41950
7634,高橋一生 Isse Takahashi,18950.0,https://movies.yahoo.com.tw/name_main/18950
7634,櫻井友紀,41953.0,https://movies.yahoo.com.tw/name_main/41953
7675,黛安克魯格 Diane Kruger,12.0,https://movies.yahoo.com.tw/name_main/12
7687,克里斯汀固德佳斯 Christian Gudegast,42061.0,https://movies.yahoo.com.tw/name_main/42061
7687,傑瑞德巴特勒 Gerard Butler,558.0,https://movies.yahoo.com.tw/name_main/558
7687,五角 50 cent,42057.0,https://movies.yahoo.com.tw/name_main/42057
7687,帕布羅薛伯 Pablo Schreiber,34349.0,https://movies.yahoo.com.tw/name_main/34349
7687,小歐西亞傑克森 O’Shea Jackson Jr,42058.0,https://movies.yahoo.com.tw/name_main/42058
7718,詹姆士康得立克 James Kondelik,42089.0,https://movies.yahoo.com.tw/name_main/42089
7718,喬恩康得立克 Jon Kondelik,42091.0,https://movies.yahoo.com.tw/name_main/42091
7718,凡妮莎安潔兒 Vanessa Angel,42094.0,https://movies.yahoo.com.tw/name_main/42094
7718,哈契丹諾 Hutch Dano,42096.0,https://movies.yahoo.com.tw/name_main/42096
7718,雷吉李 Reggie Lee,42101.0,https://movies.yahoo.com.tw/name_main/42101
7718,路丹波 Lew Temple,41319.0,https://movies.yahoo.com.tw/name_main/41319
7718,貝麗雪碧 Bailey Spry,42099.0,https://movies.yahoo.com.tw/name_main/42099
7735,伊凡卡漢 Irrfan Khan,1148.0,https://movies.yahoo.com.tw/name_main/1148
7352,史考特伊斯威特 Scott Eastwood,442.0,https://movies.yahoo.com.tw/name_main/442
7352,景甜 Jing Tian,1579.0,https://movies.yahoo.com.tw/name_main/1579
7352,菊地凜子 Rinko Kikuchi,552.0,https://movies.yahoo.com.tw/name_main/552
7565,魯妮瑪拉 Rooney Mara,737.0,https://movies.yahoo.com.tw/name_main/737
7565,瓦昆菲尼克斯 Joaquin Phoenix,291.0,https://movies.yahoo.com.tw/name_main/291
7799,周冬雨 Zhou Dongyu,742.0,https://movies.yahoo.com.tw/name_main/742
7414,史蒂芬史匹柏 Steven Spielberg,78.0,https://movies.yahoo.com.tw/name_main/78
7414,班曼德森 Ben Mendelsohn,1137.0,https://movies.yahoo.com.tw/name_main/1137
7414,賽門佩吉 Simon Pegg,490.0,https://movies.yahoo.com.tw/name_main/490
7627,齋藤工 Saito Takumi,39170.0,https://movies.yahoo.com.tw/name_main/39170
7627,高橋一生 Isse Takahashi,18950.0,https://movies.yahoo.com.tw/name_main/18950
7627,中川雅也 Lily Franky,1282.0,https://movies.yahoo.com.tw/name_main/1282
7627,松岡茉優 Mayu Matsuoka,588.0,https://movies.yahoo.com.tw/name_main/588
7627,齋藤工 Saito Takumi,39170.0,https://movies.yahoo.com.tw/name_main/39170
7685,納許艾格登 Nash Edgerton,42056.0,https://movies.yahoo.com.tw/name_main/42056
7685,莎莉賽隆 Charlize Theron,249.0,https://movies.yahoo.com.tw/name_main/249
7685,喬爾埃哲頓 Joel Edgerton,1221.0,https://movies.yahoo.com.tw/name_main/1221
7685,阿曼達塞佛瑞 Amanda Seyfried,812.0,https://movies.yahoo.com.tw/name_main/812
7685,大衛歐洛沃 David Oyelowo,28553.0,https://movies.yahoo.com.tw/name_main/28553
7685,沙托卡普利 Sharlto Copley,424.0,https://movies.yahoo.com.tw/name_main/424
7685,譚蒂紐頓 Thandie Newton,3726.0,https://movies.yahoo.com.tw/name_main/3726
7423,瑪格羅比 Margot Robbie,419.0,https://movies.yahoo.com.tw/name_main/419
7423,多姆納爾格里森 Domhnall Gleeson,1264.0,https://movies.yahoo.com.tw/name_main/1264
7423,羅絲拜恩 Rose Byrne,1226.0,https://movies.yahoo.com.tw/name_main/1226
7738,布魯斯威利 Bruce Willis,1166.0,https://movies.yahoo.com.tw/name_main/1166
7793,朴贊郁 Park Chan-wook,1207.0,https://movies.yahoo.com.tw/name_main/1207
7569,巨石強森 Dwayne Johnson,1216.0,https://movies.yahoo.com.tw/name_main/1216
7569,傑佛利迪恩摩根 Jeffrey Dean Morga...,825.0,https://movies.yahoo.com.tw/name_main/825
7684,保羅麥格根 Paul McGuigan,8198.0,https://movies.yahoo.com.tw/name_main/8198
7684,安妮特班寧 Annette Bening,3771.0,https://movies.yahoo.com.tw/name_main/3771
7684,傑米貝爾 Jamie Bell,158.0,https://movies.yahoo.com.tw/name_main/158
7684,茱莉華特斯 Julie Walters,3594.0,https://movies.yahoo.com.tw/name_main/3594
7756,陳鈺杰,42171.0,https://movies.yahoo.com.tw/name_main/42171
7756,田中麗奈,36521.0,https://movies.yahoo.com.tw/name_main/36521
7756,王柏傑 Po-Chieh Wang,36671.0,https://movies.yahoo.com.tw/name_main/36671
7756,余貴美子 Kimiko Yo,20576.0,https://movies.yahoo.com.tw/name_main/20576
7756,呂雪鳳,33437.0,https://movies.yahoo.com.tw/name_main/33437
7756,楊烈,38375.0,https://movies.yahoo.com.tw/name_main/38375
7756,姚淳耀,38468.0,https://movies.yahoo.com.tw/name_main/38468
7683,王洪飛 David Verbeek,42050.0,https://movies.yahoo.com.tw/name_main/42050
7683,王洪飛 David Verbeek,42050.0,https://movies.yahoo.com.tw/name_main/42050
7683,樂樂,42051.0,https://movies.yahoo.com.tw/name_main/42051
7683,盧燕,42053.0,https://movies.yahoo.com.tw/name_main/42053
7683,嚴藝文,42054.0,https://movies.yahoo.com.tw/name_main/42054
7777,凱薩琳畢格羅 Kathryn Bigelow,799.0,https://movies.yahoo.com.tw/name_main/799
7741,吉田大八 Daihachi Yoshida,470.0,https://movies.yahoo.com.tw/name_main/470
7741,松田龍平 Ryuhei Matsuda,1255.0,https://movies.yahoo.com.tw/name_main/1255
7741,北村一輝 Kazuki Kitamura,298.0,https://movies.yahoo.com.tw/name_main/298
7741,木村文乃 Fumino Kimura,34112.0,https://movies.yahoo.com.tw/name_main/34112
7790,朴贊郁 Park Chan-wook,1207.0,https://movies.yahoo.com.tw/name_main/1207
7755,珍妮佛嘉娜 Jennifer Garner,374.0,https://movies.yahoo.com.tw/name_main/374
7782,長澤雅美 Masami Nagasawa,368.0,https://movies.yahoo.com.tw/name_main/368
7782,高橋一生 Isse Takahashi,18950.0,https://movies.yahoo.com.tw/name_main/18950
7509,約翰卡拉辛斯基 John Krasinski,6533.0,https://movies.yahoo.com.tw/name_main/6533
7509,約翰卡拉辛斯基 John Krasinski,6533.0,https://movies.yahoo.com.tw/name_main/6533
7509,愛蜜莉布朗 Emily Blunt,772.0,https://movies.yahoo.com.tw/name_main/772
7772,李察林克雷特 Richard Linklater,380.0,https://movies.yahoo.com.tw/name_main/380
7772,凱特布蘭琪 Cate Blanchett,1309.0,https://movies.yahoo.com.tw/name_main/1309
7772,克莉絲汀薇格 Kristen Wiig,31712.0,https://movies.yahoo.com.tw/name_main/31712
7402,布萊恩克萊斯頓 Bryan Cranston,565.0,https://movies.yahoo.com.tw/name_main/565
7402,艾德華諾頓 Edward Norton,1106.0,https://movies.yahoo.com.tw/name_main/1106
7402,比爾默瑞 Bill Murray,2376.0,https://movies.yahoo.com.tw/name_main/2376
7402,史嘉莉喬韓森 Scarlett Johansson,1349.0,https://movies.yahoo.com.tw/name_main/1349
7402,蒂妲絲雲頓 Tilda Swinton,920.0,https://movies.yahoo.com.tw/name_main/920
7402,李佛薛柏 Liev Schreiber,833.0,https://movies.yahoo.com.tw/name_main/833
7402,法蘭西絲麥朵曼 Frances McDormand,1189.0,https://movies.yahoo.com.tw/name_main/1189
7402,葛莉塔潔薇 Greta Gerwig,1312.0,https://movies.yahoo.com.tw/name_main/1312
7402,渡邊謙 Ken Watanabe,841.0,https://movies.yahoo.com.tw/name_main/841
7776,朴贊郁 Park Chan-wook,1207.0,https://movies.yahoo.com.tw/name_main/1207
7776,宋康昊 Kang-ho Song,138.0,https://movies.yahoo.com.tw/name_main/138
7776,裴斗娜 Bae Doona,778.0,https://movies.yahoo.com.tw/name_main/778
7764,朗霍華 Ron Howard,207.0,https://movies.yahoo.com.tw/name_main/207
7764,艾蜜莉亞克拉克 Emilia Clarke,460.0,https://movies.yahoo.com.tw/name_main/460
7764,伍迪哈里遜 Woody Harrelson,840.0,https://movies.yahoo.com.tw/name_main/840
7764,保羅貝特尼 Paul Bettany,793.0,https://movies.yahoo.com.tw/name_main/793
7764,譚蒂紐頓 Thandie Newton,3726.0,https://movies.yahoo.com.tw/name_main/3726
7785,阿部寬 Hiroshi Abe,1081.0,https://movies.yahoo.com.tw/name_main/1081
7792,尚雷諾 Jean Reno,848.0,https://movies.yahoo.com.tw/name_main/848
7550,克里斯普瑞特 Chris Pratt,703.0,https://movies.yahoo.com.tw/name_main/703
7550,布萊絲達拉斯霍華 Bryce Dallas Howar...,446.0,https://movies.yahoo.com.tw/name_main/446
7690,珊卓布拉克 Sandra Bullock,228.0,https://movies.yahoo.com.tw/name_main/228
7690,凱特布蘭琪 Cate Blanchett,1309.0,https://movies.yahoo.com.tw/name_main/1309
7690,安海瑟威 Anne Hathaway,84.0,https://movies.yahoo.com.tw/name_main/84
7690,莎拉保羅森 Sarah Paulson,41216.0,https://movies.yahoo.com.tw/name_main/41216
7690,蕾哈娜 Rihanna,31994.0,https://movies.yahoo.com.tw/name_main/31994
7690,海倫娜波漢卡特 Helena Bonham Cart...,1006.0,https://movies.yahoo.com.tw/name_main/1006
7690,達珂塔芬妮 Dakota Fanning,1158.0,https://movies.yahoo.com.tw/name_main/1158
7690,麥特戴蒙 Matt Damon,1026.0,https://movies.yahoo.com.tw/name_main/1026
7690,奧莉薇亞孟恩 Olivia Munn,322.0,https://movies.yahoo.com.tw/name_main/322
7758,伊凡潔琳莉莉 Evangeline Lilly,471.0,https://movies.yahoo.com.tw/name_main/471
7758,麥可潘納 Michael Peña,1376.0,https://movies.yahoo.com.tw/name_main/1376
7758,蜜雪兒菲佛 Michelle Pfeiffer,89.0,https://movies.yahoo.com.tw/name_main/89
7508,亞當山德勒 Adam Sandler,143.0,https://movies.yahoo.com.tw/name_main/143
7767,湯姆克魯斯 Tom Cruise,1157.0,https://movies.yahoo.com.tw/name_main/1157
7767,賽門佩吉 Simon Pegg,490.0,https://movies.yahoo.com.tw/name_main/490
7767,蕾貝卡弗格森 Rebecca Ferguson,1397.0,https://movies.yahoo.com.tw/name_main/1397
7767,亞歷鮑德溫 Alec Baldwin,792.0,https://movies.yahoo.com.tw/name_main/792
7767,亨利卡維爾 Henry Cavill,1017.0,https://movies.yahoo.com.tw/name_main/1017
7803,湯姆哈迪 Tom Hardy,378.0,https://movies.yahoo.com.tw/name_main/378
7803,蜜雪兒威廉斯 Michelle Williams,941.0,https://movies.yahoo.com.tw/name_main/941
7803,伍迪哈里遜 Woody Harrelson,840.0,https://movies.yahoo.com.tw/name_main/840
7803,湯姆霍蘭德 Tom Holland,585.0,https://movies.yahoo.com.tw/name_main/585
7631,雨果威明 Hugo Weaving,978.0,https://movies.yahoo.com.tw/name_main/978
7388,法蘭西絲麥朵曼 Frances McDormand,1189.0,https://movies.yahoo.com.tw/name_main/1189
7388,伍迪哈里遜 Woody Harrelson,840.0,https://movies.yahoo.com.tw/name_main/840
7388,山姆洛克威爾 Sam Rockwell,805.0,https://movies.yahoo.com.tw/name_main/805
7652,麥可漢內克 Michael Haneke,7634.0,https://movies.yahoo.com.tw/name_main/7634
7652,伊莎貝雨蓓 Isabelle Huppert,917.0,https://movies.yahoo.com.tw/name_main/917
7652,尚路易坦帝尼昂 Jean-Louis Trintig...,19352.0,https://movies.yahoo.com.tw/name_main/19352
7674,麥克溫特波頓 Michael Winterbottom,2109.0,https://movies.yahoo.com.tw/name_main/2109
7674,史帝夫庫根 Steve Coogan,25094.0,https://movies.yahoo.com.tw/name_main/25094
7674,羅伯布萊頓 Rob Brydon,42025.0,https://movies.yahoo.com.tw/name_main/42025
7458,達柯塔強生 Dakota Johnson,1350.0,https://movies.yahoo.com.tw/name_main/1350
7458,卡倫基斯雷尼 Callum Keith Renni...,3489.0,https://movies.yahoo.com.tw/name_main/3489
7678,克林伊斯威特 Clint Eastwood,896.0,https://movies.yahoo.com.tw/name_main/896
7723,福士蒼汰 Sota Fukushi,453.0,https://movies.yahoo.com.tw/name_main/453
7811,克萊兒德尼 Claire Denis,4976.0,https://movies.yahoo.com.tw/name_main/4976
7811,茱麗葉畢諾許 Juliette Binoche,733.0,https://movies.yahoo.com.tw/name_main/733
7811,喬希安芭拉絲寇 Josiane Balasko,776.0,https://movies.yahoo.com.tw/name_main/776
7811,傑哈德巴狄厄 Gérard Depardieu,1030.0,https://movies.yahoo.com.tw/name_main/1030
7813,李察林克雷特 Richard Linklater,380.0,https://movies.yahoo.com.tw/name_main/380
7813,史提夫卡爾 Steve Carell,800.0,https://movies.yahoo.com.tw/name_main/800
7813,布萊恩克萊斯頓 Bryan Cranston,565.0,https://movies.yahoo.com.tw/name_main/565
7813,勞倫斯費雪朋 Laurence Fishburne,2673.0,https://movies.yahoo.com.tw/name_main/2673
7816,羅宏康特 Laurent Cantet,7046.0,https://movies.yahoo.com.tw/name_main/7046
7816,瑪莉娜佛伊絲 Marina Foïs,21767.0,https://movies.yahoo.com.tw/name_main/21767
7806,英勉,13844.0,https://movies.yahoo.com.tw/name_main/13844
7806,中島健人,39998.0,https://movies.yahoo.com.tw/name_main/39998
7809,伊娃葛林 Eva Green,950.0,https://movies.yahoo.com.tw/name_main/950
7382,尤格藍西莫 Yorgos Lanthimos,9662.0,https://movies.yahoo.com.tw/name_main/9662
7382,柯林法洛 Colin Farrell,988.0,https://movies.yahoo.com.tw/name_main/988
7382,妮可基嫚 Nicole Kidman,342.0,https://movies.yahoo.com.tw/name_main/342
7817,丹吉洛伊 Dan Gilroy,42228.0,https://movies.yahoo.com.tw/name_main/42228
7817,丹佐華盛頓 Denzel Washington,16.0,https://movies.yahoo.com.tw/name_main/16
7817,柯林法洛 Colin Farrell,988.0,https://movies.yahoo.com.tw/name_main/988
7819,傑森貝特曼 Jason Bateman,1000.0,https://movies.yahoo.com.tw/name_main/1000
7821,Serge Ha...,42234.0,https://movies.yahoo.com.tw/name_main/42234
7821,貝芮妮絲貝喬 Bérénice Bejo,462.0,https://movies.yahoo.com.tw/name_main/462
7820,大衛雷奇 David Leitch,10439.0,https://movies.yahoo.com.tw/name_main/10439
7820,萊恩雷諾斯 Ryan Reynolds,225.0,https://movies.yahoo.com.tw/name_main/225
7820,喬許布洛林 Josh Brolin,1084.0,https://movies.yahoo.com.tw/name_main/1084
7820,布莉安娜海德布蘭... Brianna Hildebrand,1510.0,https://movies.yahoo.com.tw/name_main/1510
7401,伊爾蒂蔻恩伊達 Ildikó Enyedi,41468.0,https://movies.yahoo.com.tw/name_main/41468
7401,亞歷山德拉博爾貝... Alexandra Borbély,41471.0,https://movies.yahoo.com.tw/name_main/41471
7401,基沙莫查爾 Géza Morcsányi,41472.0,https://movies.yahoo.com.tw/name_main/41472
7828,朱利安法黎諾 Julian Farino,42246.0,https://movies.yahoo.com.tw/name_main/42246
7828,班尼迪克康柏拜區 Benedict Cumberbat...,1218.0,https://movies.yahoo.com.tw/name_main/1218
7828,凱莉麥當諾 Kelly Macdonald,20387.0,https://movies.yahoo.com.tw/name_main/20387
7828,史蒂芬坎貝摩爾 Stephen Campbell M...,42249.0,https://movies.yahoo.com.tw/name_main/42249
7574,史考特沃爾 Scott Waugh,8879.0,https://movies.yahoo.com.tw/name_main/8879
7574,喬許哈奈特 Josh Hartnett,2277.0,https://movies.yahoo.com.tw/name_main/2277
7574,蜜拉索維諾 Mira Sorvino,2649.0,https://movies.yahoo.com.tw/name_main/2649
7801,森垣侑大,42211.0,https://movies.yahoo.com.tw/name_main/42211
7801,岸井友希乃,42213.0,https://movies.yahoo.com.tw/name_main/42213
7375,賽巴斯蒂安雷里奧 Sebastián Lelio,41424.0,https://movies.yahoo.com.tw/name_main/41424
7375,丹妮耶拉維加 Daniela Vega,41663.0,https://movies.yahoo.com.tw/name_main/41663
7375,弗朗西斯科雷耶斯 Francisco Reyes,41666.0,https://movies.yahoo.com.tw/name_main/41666
7623,妻夫木聰 Satoshi Tsumabuki,347.0,https://movies.yahoo.com.tw/name_main/347
7623,中川雅也 Lily Franky,1282.0,https://movies.yahoo.com.tw/name_main/1282
7623,天海祐希 Yuki Amami,478.0,https://movies.yahoo.com.tw/name_main/478
7623,安藤櫻 Sakura Ando,479.0,https://movies.yahoo.com.tw/name_main/479
7408,菲力普拉紹 Philippe Lacheau,23585.0,https://movies.yahoo.com.tw/name_main/23585
7408,娜坦麗貝葉 Nathalie Baye,707.0,https://movies.yahoo.com.tw/name_main/707
7408,艾蘿緹方汀 Élodie Fontan,41500.0,https://movies.yahoo.com.tw/name_main/41500
7408,迪帝爾柏東 Didier Bourdon,41503.0,https://movies.yahoo.com.tw/name_main/41503
7408,菲力普拉紹 Philippe Lacheau,23585.0,https://movies.yahoo.com.tw/name_main/23585
6818,蒂妲絲雲頓 Tilda Swinton,920.0,https://movies.yahoo.com.tw/name_main/920
6818,蒂妲絲雲頓 Tilda Swinton,920.0,https://movies.yahoo.com.tw/name_main/920
7829,申秀媛 Shin Su-won,42252.0,https://movies.yahoo.com.tw/name_main/42252
7829,文瑾瑩 Moon Geun-young,37121.0,https://movies.yahoo.com.tw/name_main/37121
7829,金泰勳 Kim Tae-hun,42251.0,https://movies.yahoo.com.tw/name_main/42251
7830,史蒂芬史匹柏 Steven Spielberg,78.0,https://movies.yahoo.com.tw/name_main/78
7830,詹姆士柯麥隆 James Cameron,759.0,https://movies.yahoo.com.tw/name_main/759
7832,達珂塔芬妮 Dakota Fanning,1158.0,https://movies.yahoo.com.tw/name_main/1158
7832,艾莉絲伊芙 Alice Eve,530.0,https://movies.yahoo.com.tw/name_main/530
7378,亞當崔佛 Adam Driver,441.0,https://movies.yahoo.com.tw/name_main/441
7378,奧斯卡伊薩克 Oscar Isaac,1344.0,https://movies.yahoo.com.tw/name_main/1344
7378,多姆納爾格里森 Domhnall Gleeson,1264.0,https://movies.yahoo.com.tw/name_main/1264
7833,丹尼爾布爾 Daniel Brühl,1263.0,https://movies.yahoo.com.tw/name_main/1263
7833,羅莎蒙派克 (裴... Rosamund Pike,1154.0,https://movies.yahoo.com.tw/name_main/1154
7629,鄧超,28754.0,https://movies.yahoo.com.tw/name_main/28754
7629,劉詩詩 Cecilia Liu,1232.0,https://movies.yahoo.com.tw/name_main/1232
7629,阮經天,35054.0,https://movies.yahoo.com.tw/name_main/35054
7629,文淇 Vicky CHEN,41193.0,https://movies.yahoo.com.tw/name_main/41193
7629,林嘉欣 Karena Lam,591.0,https://movies.yahoo.com.tw/name_main/591
7845,麥哈梅沙雷赫魯 Mahamat Saleh Haroun,42288.0,https://movies.yahoo.com.tw/name_main/42288
7845,桑德琳波奈兒 Sandrine Bonnaire,608.0,https://movies.yahoo.com.tw/name_main/608
7843,貝納多貝托魯奇 Bernardo Bertolucci,4553.0,https://movies.yahoo.com.tw/name_main/4553
7843,基努李維 Keanu Reeves,724.0,https://movies.yahoo.com.tw/name_main/724
7843,布莉姬芳達 Bridget Jane Fonda,2574.0,https://movies.yahoo.com.tw/name_main/2574
7843,克里斯伊薩克 Chris Isaak,42287.0,https://movies.yahoo.com.tw/name_main/42287
7840,愛蜜莉布朗 Emily Blunt,772.0,https://movies.yahoo.com.tw/name_main/772
7840,強尼戴普 Johnny Depp,739.0,https://movies.yahoo.com.tw/name_main/739
7840,詹姆斯麥艾維 James McAvoy,5.0,https://movies.yahoo.com.tw/name_main/5
7840,瑪姬史密斯 Maggie Smith,430.0,https://movies.yahoo.com.tw/name_main/430
7840,米高肯恩 Michael Caine,560.0,https://movies.yahoo.com.tw/name_main/560
7654,成龍 Jackie Chan,1373.0,https://movies.yahoo.com.tw/name_main/1373
7858,布蘭妮艾倫 Brittany Allen,40990.0,https://movies.yahoo.com.tw/name_main/40990
7853,艾瑪羅勃茲 Emma Roberts,665.0,https://movies.yahoo.com.tw/name_main/665
7853,露西波頓 Lucy Boynton,620.0,https://movies.yahoo.com.tw/name_main/620
7860,魯妮瑪拉 Rooney Mara,737.0,https://movies.yahoo.com.tw/name_main/737
7860,瓦昆菲尼克斯 Joaquin Phoenix,291.0,https://movies.yahoo.com.tw/name_main/291
7868,賴國安,42350.0,https://movies.yahoo.com.tw/name_main/42350
7868,鄭人碩 Cheng Jen-Shuo,39848.0,https://movies.yahoo.com.tw/name_main/39848
7868,曾珮瑜 Peggy Tseng,27734.0,https://movies.yahoo.com.tw/name_main/27734
7868,白潤音,42351.0,https://movies.yahoo.com.tw/name_main/42351
7864,史丹利圖奇 Stanley Tucci,796.0,https://movies.yahoo.com.tw/name_main/796
7864,傑佛瑞洛許 Geoffrey Rush,2598.0,https://movies.yahoo.com.tw/name_main/2598
7864,艾米漢默 Armie Hammer,1236.0,https://movies.yahoo.com.tw/name_main/1236
7864,克蕾曼絲波西 Clémence Poésy,16604.0,https://movies.yahoo.com.tw/name_main/16604
7873,貝拉索恩 Bella Thorne,27365.0,https://movies.yahoo.com.tw/name_main/27365
7866,小勞勃道尼 Robert Downey Jr.,1075.0,https://movies.yahoo.com.tw/name_main/1075
7866,克里斯伊凡 Chris Evans,1348.0,https://movies.yahoo.com.tw/name_main/1348
7866,克里斯普瑞特 Chris Pratt,703.0,https://movies.yahoo.com.tw/name_main/703
7866,史嘉莉喬韓森 Scarlett Johansson,1349.0,https://movies.yahoo.com.tw/name_main/1349
7866,馬克魯法洛 Mark Ruffalo,420.0,https://movies.yahoo.com.tw/name_main/420
7866,傑瑞米雷納 Jeremy Renner,1108.0,https://movies.yahoo.com.tw/name_main/1108
7866,伊莉莎白奧爾森 Elizabeth Olsen,263.0,https://movies.yahoo.com.tw/name_main/263
7866,保羅貝特尼 Paul Bettany,793.0,https://movies.yahoo.com.tw/name_main/793
7866,班尼迪克康柏拜區 Benedict Cumberbat...,1218.0,https://movies.yahoo.com.tw/name_main/1218
7866,查維克博斯曼 Chadwick Boseman,42226.0,https://movies.yahoo.com.tw/name_main/42226
7866,湯姆霍蘭德 Tom Holland,585.0,https://movies.yahoo.com.tw/name_main/585
7866,喬許布洛林 Josh Brolin,1084.0,https://movies.yahoo.com.tw/name_main/1084
7866,賽巴斯汀史坦 Sebastian Stan,24632.0,https://movies.yahoo.com.tw/name_main/24632
7866,湯姆希德斯頓 Tom Hiddleston,1275.0,https://movies.yahoo.com.tw/name_main/1275
7871,布萊德柏德 Brad Bird,454.0,https://movies.yahoo.com.tw/name_main/454
7877,丹巴隆 Dan Baron,42366.0,https://movies.yahoo.com.tw/name_main/42366
7877,布麗拉爾森 Brie Larson,556.0,https://movies.yahoo.com.tw/name_main/556
7880,柯林佛斯 Colin Firth,358.0,https://movies.yahoo.com.tw/name_main/358
7880,大衛休利斯 David Thewlis,1053.0,https://movies.yahoo.com.tw/name_main/1053
7883,綾瀨遙 Haruka Ayase,1009.0,https://movies.yahoo.com.tw/name_main/1009
7883,北村一輝 Kazuki Kitamura,298.0,https://movies.yahoo.com.tw/name_main/298
7885,梅莉史翠普 Meryl Streep,412.0,https://movies.yahoo.com.tw/name_main/412
7885,柯林佛斯 Colin Firth,358.0,https://movies.yahoo.com.tw/name_main/358
7886,蘭伯特威爾森 Lambert Wilson,20813.0,https://movies.yahoo.com.tw/name_main/20813
7887,伊旺麥奎格 Ewan McGregor,1027.0,https://movies.yahoo.com.tw/name_main/1027
7459,泰勒馬克林泰爾 Tyler MacIntyre,41608.0,https://movies.yahoo.com.tw/name_main/41608
7459,布莉安娜海德布蘭... Brianna Hildebrand,1510.0,https://movies.yahoo.com.tw/name_main/1510
7459,亞歷山卓希普 Sadie Cunningham,41609.0,https://movies.yahoo.com.tw/name_main/41609
7892,史蒂芬索德柏 Steven Soderbergh,245.0,https://movies.yahoo.com.tw/name_main/245
7892,克萊兒佛伊 Claire Foy,913.0,https://movies.yahoo.com.tw/name_main/913
7890,細谷佳正 Yoshimachi Hosoya,1417.0,https://movies.yahoo.com.tw/name_main/1417
7922,薩德杜埃希 Ziad Doueiri,9707.0,https://movies.yahoo.com.tw/name_main/9707
7922,卡梅爾巴沙 Kamel El Basha,42461.0,https://movies.yahoo.com.tw/name_main/42461
7922,艾德卡拉姆 Adel Karam,42462.0,https://movies.yahoo.com.tw/name_main/42462
7920,湯姆沃爾夫 Tom Volf,42459.0,https://movies.yahoo.com.tw/name_main/42459
7920,芬妮亞當 Fanny Ardant,243.0,https://movies.yahoo.com.tw/name_main/243
7924,佐藤健 Takeru Sato,1303.0,https://movies.yahoo.com.tw/name_main/1303
7924,北村一輝 Kazuki Kitamura,298.0,https://movies.yahoo.com.tw/name_main/298
7938,安妮華達 Agnès Varda,4031.0,https://movies.yahoo.com.tw/name_main/4031
7938,Jean-Pau...,42485.0,https://movies.yahoo.com.tw/name_main/42485
7938,安妮華達 Agnès Varda,4031.0,https://movies.yahoo.com.tw/name_main/4031
7941,保羅維爾奇 Paolo Virzi,8096.0,https://movies.yahoo.com.tw/name_main/8096
7941,海倫米蘭 Helen Mirren,3399.0,https://movies.yahoo.com.tw/name_main/3399
7941,唐納蘇德蘭 Donald Sutherland,2385.0,https://movies.yahoo.com.tw/name_main/2385
7945,約翰尼斯羅勃茲 Johannes Roberts,6485.0,https://movies.yahoo.com.tw/name_main/6485
7945,克莉絲汀娜漢卓克... Christina Hendrick...,42493.0,https://movies.yahoo.com.tw/name_main/42493
7945,馬丁韓德森 Martin Henderson,2796.0,https://movies.yahoo.com.tw/name_main/2796
7945,貝莉麥德森 Bailee Madison,42495.0,https://movies.yahoo.com.tw/name_main/42495
7943,托比亞斯諾雷 Tobias Nölle,42488.0,https://movies.yahoo.com.tw/name_main/42488
7943,喬治佛瑞德區 Georg Friedrich,18116.0,https://movies.yahoo.com.tw/name_main/18116
7943,緹德奧弗蓓克 Tilde von Overbeck,42490.0,https://movies.yahoo.com.tw/name_main/42490
7948,安德魯爾文 Andrew Erwin,42497.0,https://movies.yahoo.com.tw/name_main/42497
7948,強爾文 Jon Erwin,42499.0,https://movies.yahoo.com.tw/name_main/42499
7948,丹尼斯奎德 Dennis Quaid,36.0,https://movies.yahoo.com.tw/name_main/36
7948,克羅瑞斯李曼 Cloris Leachman,42500.0,https://movies.yahoo.com.tw/name_main/42500
7948,傑麥可芬利 J. Michael Finley,42502.0,https://movies.yahoo.com.tw/name_main/42502
1408,宋康昊 Kang-ho Song,138.0,https://movies.yahoo.com.tw/name_main/138
7950,河正宇 Jung-woo Ha,626.0,https://movies.yahoo.com.tw/name_main/626
7698,瑞秋妮可絲 Rachel Nichols,296.0,https://movies.yahoo.com.tw/name_main/296
7698,蘿拉賀林 Laura Harring,20855.0,https://movies.yahoo.com.tw/name_main/20855
7397,樹木希林 Kirin Kiki,671.0,https://movies.yahoo.com.tw/name_main/671
7959,竹中直人 Naoto Takenaka,192.0,https://movies.yahoo.com.tw/name_main/192
7959,中山美穗 Miho Nakayama,871.0,https://movies.yahoo.com.tw/name_main/871
7959,松隆子 Takako Matsu,25280.0,https://movies.yahoo.com.tw/name_main/25280
7959,淺野忠信 Tadanobu Asano,921.0,https://movies.yahoo.com.tw/name_main/921
7959,荒木經惟,42513.0,https://movies.yahoo.com.tw/name_main/42513
7959,竹中直人 Naoto Takenaka,192.0,https://movies.yahoo.com.tw/name_main/192
7957,細谷佳正 Yoshimachi Hosoya,1417.0,https://movies.yahoo.com.tw/name_main/1417
7962,連奕琦 Lien Yi-Chi,7139.0,https://movies.yahoo.com.tw/name_main/7139
7962,張少懷 Michael Chang,39431.0,https://movies.yahoo.com.tw/name_main/39431
7963,艾迪瑞德曼 Eddie Redmayne,384.0,https://movies.yahoo.com.tw/name_main/384
7963,強尼戴普 Johnny Depp,739.0,https://movies.yahoo.com.tw/name_main/739
7963,伊薩米勒 Ezra Miller,524.0,https://movies.yahoo.com.tw/name_main/524
7963,裘德洛 Jude Law,761.0,https://movies.yahoo.com.tw/name_main/761
7963,卡倫透納 Callum Turner,16043.0,https://movies.yahoo.com.tw/name_main/16043
7963,凱薩琳沃特斯頓 Katherine Watersto...,20315.0,https://movies.yahoo.com.tw/name_main/20315
7353,路克伊凡斯 Luke Evans,336.0,https://movies.yahoo.com.tw/name_main/336
7353,蕾貝卡霍爾 Rebecca Hall,23879.0,https://movies.yahoo.com.tw/name_main/23879
7967,芬妮亞當 Fanny Ardant,243.0,https://movies.yahoo.com.tw/name_main/243
7968,薇拉莉葛琳諾 Valeria Golino,882.0,https://movies.yahoo.com.tw/name_main/882
7971,史蒂夫布希米 Steve Buscemi,22.0,https://movies.yahoo.com.tw/name_main/22
7971,魯柏佛蘭德 Rupert Friend,486.0,https://movies.yahoo.com.tw/name_main/486
7643,是枝裕和 Hirokazu Koreeda,195.0,https://movies.yahoo.com.tw/name_main/195
7643,福山雅治 Fukuyama Masaharu,29258.0,https://movies.yahoo.com.tw/name_main/29258
7643,役所廣司 Kôji Yakusho,2394.0,https://movies.yahoo.com.tw/name_main/2394
7643,廣瀨鈴 Suzu Hirose,669.0,https://movies.yahoo.com.tw/name_main/669
7974,柯諾穆恩德秋 Mundrucz l Mundruczo,7799.0,https://movies.yahoo.com.tw/name_main/7799
7974,松波雅格 Zsombor Jeger,42530.0,https://movies.yahoo.com.tw/name_main/42530
7974,米勒尼尼茲 Merab Ninidze,22181.0,https://movies.yahoo.com.tw/name_main/22181
7981,詹姆斯法蘭科 James Franco,889.0,https://movies.yahoo.com.tw/name_main/889
7586,周子陽,41843.0,https://movies.yahoo.com.tw/name_main/41843
7586,涂們,41845.0,https://movies.yahoo.com.tw/name_main/41845
7996,理查戴爾 Richard Dale,42600.0,https://movies.yahoo.com.tw/name_main/42600
7996,彼得韋柏 Peter Webber,42604.0,https://movies.yahoo.com.tw/name_main/42604
7996,范立欣 Lixin Fan,42603.0,https://movies.yahoo.com.tw/name_main/42603
7998,羅莎蒙派克 (裴... Rosamund Pike,1154.0,https://movies.yahoo.com.tw/name_main/1154
7998,喬漢姆 Jon Hamm,19853.0,https://movies.yahoo.com.tw/name_main/19853
7998,迪恩諾里斯 Dean Norris,42608.0,https://movies.yahoo.com.tw/name_main/42608
7998,馬克佩雷格里諾 Mark Pellegrino,42610.0,https://movies.yahoo.com.tw/name_main/42610
7998,希亞溫漢 Shea Whigham,42613.0,https://movies.yahoo.com.tw/name_main/42613
8005,吉永小百合,30614.0,https://movies.yahoo.com.tw/name_main/30614
8005,堺雅人 Masato Sakai,892.0,https://movies.yahoo.com.tw/name_main/892
8005,篠原涼子,37790.0,https://movies.yahoo.com.tw/name_main/37790
8005,阿部寬 Hiroshi Abe,1081.0,https://movies.yahoo.com.tw/name_main/1081
8005,佐藤浩市 Kohichi Satoh,20636.0,https://movies.yahoo.com.tw/name_main/20636
8013,弗蘭切絲卡柯曼西... Francesca Comencini,42635.0,https://movies.yahoo.com.tw/name_main/42635
8013,露西亞瑪希諾 Lucia Mascino,42639.0,https://movies.yahoo.com.tw/name_main/42639
8013,湯馬士塔巴奇 Thomas Trabacchi,42638.0,https://movies.yahoo.com.tw/name_main/42638
8007,約翰卡麥隆米契爾 John Cameron Mitchell,6500.0,https://movies.yahoo.com.tw/name_main/6500
8007,妮可基嫚 Nicole Kidman,342.0,https://movies.yahoo.com.tw/name_main/342
8007,艾兒芬妮 Elle Fanning,914.0,https://movies.yahoo.com.tw/name_main/914
8007,露絲威爾森 Ruth Wilson,24299.0,https://movies.yahoo.com.tw/name_main/24299
8007,亞歷克斯夏普 Alex Sharp,42632.0,https://movies.yahoo.com.tw/name_main/42632
8010,邁克紐威爾 Mike Newell,7718.0,https://movies.yahoo.com.tw/name_main/7718
8010,莉莉詹姆斯 Lily James,431.0,https://movies.yahoo.com.tw/name_main/431
8010,麥可俞斯曼 Michiel Huisman,22349.0,https://movies.yahoo.com.tw/name_main/22349
8010,馬修古德 Matthew Goode,22058.0,https://movies.yahoo.com.tw/name_main/22058
8002,傑克布萊克 Jack Black,572.0,https://movies.yahoo.com.tw/name_main/572
8002,凱特布蘭琪 Cate Blanchett,1309.0,https://movies.yahoo.com.tw/name_main/1309
8021,班尼迪克康柏拜區 Benedict Cumberbat...,1218.0,https://movies.yahoo.com.tw/name_main/1218
8024,傑森萊特曼 Jason Reitman,6242.0,https://movies.yahoo.com.tw/name_main/6242
8024,莎莉賽隆 Charlize Theron,249.0,https://movies.yahoo.com.tw/name_main/249
8024,麥坎西黛維斯 Mackenzie Davis,21407.0,https://movies.yahoo.com.tw/name_main/21407
8027,亞瑞阿斯特 Ari Aster,42673.0,https://movies.yahoo.com.tw/name_main/42673
8027,東妮克莉蒂 Toni Collette,42274.0,https://movies.yahoo.com.tw/name_main/42274
8027,蓋布瑞拜恩 Gabriel Byrne,3069.0,https://movies.yahoo.com.tw/name_main/3069
8027,艾力克斯沃爾夫 Alex Wolff,14666.0,https://movies.yahoo.com.tw/name_main/14666
8030,山崎賢人 Yamazaki Kento,3952.0,https://movies.yahoo.com.tw/name_main/3952
8030,橋本環奈 Kanna Hashimoto,34817.0,https://movies.yahoo.com.tw/name_main/34817
8030,新井浩文 Hirofumi Arai,18701.0,https://movies.yahoo.com.tw/name_main/18701
8030,吉澤亮 Ryo Yoshizawa,30623.0,https://movies.yahoo.com.tw/name_main/30623
7536,白石和彌 Kazuya Shiraishi,6842.0,https://movies.yahoo.com.tw/name_main/6842
7536,蒼井優 Yu Aoi,26375.0,https://movies.yahoo.com.tw/name_main/26375
7536,阿部貞夫 Sadawo Abe,24359.0,https://movies.yahoo.com.tw/name_main/24359
7536,松坂桃李 Tori Matsuzaka,25745.0,https://movies.yahoo.com.tw/name_main/25745
7536,竹野內豐 Utaka Takenouchi,1024.0,https://movies.yahoo.com.tw/name_main/1024
7620,伍迪艾倫 Woody Allen,1318.0,https://movies.yahoo.com.tw/name_main/1318
7620,凱特溫絲蕾 Kate Winslet,1063.0,https://movies.yahoo.com.tw/name_main/1063
7620,賈斯汀提姆布雷克 Justin Timberlake,994.0,https://movies.yahoo.com.tw/name_main/994
7620,朱諾坦普 Juno Temple,20126.0,https://movies.yahoo.com.tw/name_main/20126
8046,范恩史坦 Vaughn Stein,42718.0,https://movies.yahoo.com.tw/name_main/42718
8046,瑪格羅比 Margot Robbie,419.0,https://movies.yahoo.com.tw/name_main/419
8046,賽門佩吉 Simon Pegg,490.0,https://movies.yahoo.com.tw/name_main/490
8046,麥克邁爾斯 Mike Myers,42719.0,https://movies.yahoo.com.tw/name_main/42719
8052,李納洛夫 Lennart Ruff,42739.0,https://movies.yahoo.com.tw/name_main/42739
8052,山姆沃辛頓 Sam Worthington,24419.0,https://movies.yahoo.com.tw/name_main/24419
8052,泰勒席林 Taylor Schilling,42740.0,https://movies.yahoo.com.tw/name_main/42740
8052,湯姆衛金森 Tom Wilkinson,2265.0,https://movies.yahoo.com.tw/name_main/2265
8052,娜塔莉艾曼紐 Nathalie Emmanuel,42742.0,https://movies.yahoo.com.tw/name_main/42742
8056,羅倫泰拉德 Laurent Tirard,7052.0,https://movies.yahoo.com.tw/name_main/7052
8056,尚杜賈丹 Jean Dujardin,1065.0,https://movies.yahoo.com.tw/name_main/1065
8056,梅蘭妮蘿倫 Melanie Laurent,865.0,https://movies.yahoo.com.tw/name_main/865
8058,李東恩,42745.0,https://movies.yahoo.com.tw/name_main/42745
8058,林秀晶,32894.0,https://movies.yahoo.com.tw/name_main/32894
8058,尹燦榮,42747.0,https://movies.yahoo.com.tw/name_main/42747
8058,李尚熙,42750.0,https://movies.yahoo.com.tw/name_main/42750
8058,徐信愛,42751.0,https://movies.yahoo.com.tw/name_main/42751
8059,蕾貝卡福瓊 Rebekah Fortune,42440.0,https://movies.yahoo.com.tw/name_main/42440
8059,哈利吉爾比 Harry Gilby,42443.0,https://movies.yahoo.com.tw/name_main/42443
8059,史考特威廉斯 Scot Williams,42318.0,https://movies.yahoo.com.tw/name_main/42318
8059,派翠西亞波特 Patricia Potter,42753.0,https://movies.yahoo.com.tw/name_main/42753
8061,艾瑪湯普遜 Emma Thompson,189.0,https://movies.yahoo.com.tw/name_main/189
8061,班奈特米勒 Bennett Miller,438.0,https://movies.yahoo.com.tw/name_main/438
8080,中山美穗 Miho Nakayama,871.0,https://movies.yahoo.com.tw/name_main/871
8084,松坂桃李 Tori Matsuzaka,25745.0,https://movies.yahoo.com.tw/name_main/25745
8086,史戴倫史柯斯嘉 Stellan Skarsgard,1094.0,https://movies.yahoo.com.tw/name_main/1094
8092,瑟蓋洛茲尼察 Sergei LOZNITSA,8915.0,https://movies.yahoo.com.tw/name_main/8915
8092,薇希莉娜馬可黛絲... Vasilina Makovtsev...,42840.0,https://movies.yahoo.com.tw/name_main/42840
8094,齋藤工 Saito Takumi,39170.0,https://movies.yahoo.com.tw/name_main/39170
8094,北村一輝 Kazuki Kitamura,298.0,https://movies.yahoo.com.tw/name_main/298
8099,嚴藝文,42054.0,https://movies.yahoo.com.tw/name_main/42054
8038,染谷將太 Shota Sometani,392.0,https://movies.yahoo.com.tw/name_main/392
8104,瑛太 Eita,17357.0,https://movies.yahoo.com.tw/name_main/17357
8104,武尊 Takeru,42854.0,https://movies.yahoo.com.tw/name_main/42854
8105,麥克瑞福 Michael Radford,42857.0,https://movies.yahoo.com.tw/name_main/42857
8105,安東尼奧班德拉斯 Antonio Banderas,2541.0,https://movies.yahoo.com.tw/name_main/2541
8105,托比賽巴斯汀 Toby Sebastian,42860.0,https://movies.yahoo.com.tw/name_main/42860
8108,蒼井優 Yu Aoi,26375.0,https://movies.yahoo.com.tw/name_main/26375
8108,市原隼人 Hayato Ichihara,236.0,https://movies.yahoo.com.tw/name_main/236
8112,細田守 Mamoru Hosoda,528.0,https://movies.yahoo.com.tw/name_main/528
8112,星野源 Hoshino Gen,40776.0,https://movies.yahoo.com.tw/name_main/40776
8112,黑木華 Haru Kuroki,299.0,https://movies.yahoo.com.tw/name_main/299
8112,役所廣司 Kôji Yakusho,2394.0,https://movies.yahoo.com.tw/name_main/2394
8115,安德魯尼寇 Andrew Niccol,1011.0,https://movies.yahoo.com.tw/name_main/1011
8115,克里夫歐文 Clive Owen,2.0,https://movies.yahoo.com.tw/name_main/2
8115,阿曼達塞佛瑞 Amanda Seyfried,812.0,https://movies.yahoo.com.tw/name_main/812
8114,蜜雪兒威廉斯 Michelle Williams,941.0,https://movies.yahoo.com.tw/name_main/941
8121,丹佐華盛頓 Denzel Washington,16.0,https://movies.yahoo.com.tw/name_main/16
8121,梅莉莎李奧 Melissa Leo,827.0,https://movies.yahoo.com.tw/name_main/827
8129,李東恩,42745.0,https://movies.yahoo.com.tw/name_main/42745
8138,傑瑞米雷納 Jeremy Renner,1108.0,https://movies.yahoo.com.tw/name_main/1108
8138,喬漢姆 Jon Hamm,19853.0,https://movies.yahoo.com.tw/name_main/19853
8138,艾德赫姆斯 Ed Helms,494.0,https://movies.yahoo.com.tw/name_main/494
8141,比爾奈伊 Bill Nighy,428.0,https://movies.yahoo.com.tw/name_main/428
8141,派翠西亞克拉克森 Patricia Clarkson,474.0,https://movies.yahoo.com.tw/name_main/474
8143,生田斗真 Toma Ikuta,526.0,https://movies.yahoo.com.tw/name_main/526
8143,瑛太 Eita,17357.0,https://movies.yahoo.com.tw/name_main/17357
8143,夏帆 Kaho,1499.0,https://movies.yahoo.com.tw/name_main/1499
8135,克莉絲汀貝爾 Kristen Bell,1151.0,https://movies.yahoo.com.tw/name_main/1151
8133,傑森史塔森 Jason Statham,100.0,https://movies.yahoo.com.tw/name_main/100
8136,盧燕,42053.0,https://movies.yahoo.com.tw/name_main/42053
8136,楊紫瓊 Michelle Yeoh,1069.0,https://movies.yahoo.com.tw/name_main/1069
8130,查寧塔圖 Channing Tatum,16259.0,https://movies.yahoo.com.tw/name_main/16259
8130,辛蒂亞 Zendaya,41942.0,https://movies.yahoo.com.tw/name_main/41942
8158,趙又廷 Mark Chao,1262.0,https://movies.yahoo.com.tw/name_main/1262
8158,馮紹峰 William Feng,29213.0,https://movies.yahoo.com.tw/name_main/29213
8158,馬思純,42208.0,https://movies.yahoo.com.tw/name_main/42208
8158,盛鑒,42937.0,https://movies.yahoo.com.tw/name_main/42937
8149,山田洋次 Yoji Yamada,111.0,https://movies.yahoo.com.tw/name_main/111
8149,橋爪功 Isao Hashizume,1215.0,https://movies.yahoo.com.tw/name_main/1215
8149,中嶋朋子 Tomoka Nakajima,40582.0,https://movies.yahoo.com.tw/name_main/40582
8149,妻夫木聰 Satoshi Tsumabuki,347.0,https://movies.yahoo.com.tw/name_main/347
8149,蒼井優 Yu Aoi,26375.0,https://movies.yahoo.com.tw/name_main/26375
8150,伊莉莎白奧爾森 Elizabeth Olsen,263.0,https://movies.yahoo.com.tw/name_main/263
8150,布魯斯格林伍德 Bruce Greenwood,3222.0,https://movies.yahoo.com.tw/name_main/3222
8153,榮倉奈奈 Nana Eikura,1266.0,https://movies.yahoo.com.tw/name_main/1266
8156,喬瑟夫高登李維 Joseph Gordon-Levitt,217.0,https://movies.yahoo.com.tw/name_main/217
8164,奧力佛那卡契 Olivier Nakache,8033.0,https://movies.yahoo.com.tw/name_main/8033
8164,艾力克多倫達諾 Eric Toledano,5507.0,https://movies.yahoo.com.tw/name_main/5507
8159,洪常秀 Hong Sang-soo,581.0,https://movies.yahoo.com.tw/name_main/581
8159,伊莎貝雨蓓 Isabelle Huppert,917.0,https://movies.yahoo.com.tw/name_main/917
8159,金珉禧 Kim Min-hee,3898.0,https://movies.yahoo.com.tw/name_main/3898
8169,英葛麗嬌韓森 Ingrid Garcia Jonsson,38762.0,https://movies.yahoo.com.tw/name_main/38762
8181,賽吉波宗 Serge Bozon,43006.0,https://movies.yahoo.com.tw/name_main/43006
8181,伊莎貝雨蓓 Isabelle Huppert,917.0,https://movies.yahoo.com.tw/name_main/917
8181,何曼杜立斯 Romain Duris,399.0,https://movies.yahoo.com.tw/name_main/399
8181,荷西賈西亞 Jose Garcia,19934.0,https://movies.yahoo.com.tw/name_main/19934
8189,三池崇史 Takashi Miike,9224.0,https://movies.yahoo.com.tw/name_main/9224
8189,廣瀨鈴 Suzu Hirose,669.0,https://movies.yahoo.com.tw/name_main/669
8189,福士蒼汰 Sota Fukushi,453.0,https://movies.yahoo.com.tw/name_main/453
8189,玉木宏 Hiroshi Tamaki,18710.0,https://movies.yahoo.com.tw/name_main/18710
8189,豐川悅司 Toyokawa Etsushi,29186.0,https://movies.yahoo.com.tw/name_main/29186
8192,斯蒂法諾索利瑪 Stefano Sollima,43016.0,https://movies.yahoo.com.tw/name_main/43016
8192,喬許布洛林 Josh Brolin,1084.0,https://movies.yahoo.com.tw/name_main/1084
8192,班尼西歐迪特洛 Benicio Del Toro,769.0,https://movies.yahoo.com.tw/name_main/769
8192,伊莎貝拉莫娜 Isabela Moner,43019.0,https://movies.yahoo.com.tw/name_main/43019
8192,凱薩琳基納 Catherine Keener,2913.0,https://movies.yahoo.com.tw/name_main/2913
8186,朱智勳 JU Ji-hoon,40262.0,https://movies.yahoo.com.tw/name_main/40262
8186,趙震雄 CHO JIN-WOONG,16376.0,https://movies.yahoo.com.tw/name_main/16376
7462,貝芮妮絲貝喬 Bérénice Bejo,462.0,https://movies.yahoo.com.tw/name_main/462
8195,蕭雅全,13526.0,https://movies.yahoo.com.tw/name_main/13526
8195,呂雪鳳,33437.0,https://movies.yahoo.com.tw/name_main/33437
8198,史蒂芬C米勒 Steven C. Miller,9149.0,https://movies.yahoo.com.tw/name_main/9149
8198,席維斯史特龍 Sylvester Stallone,846.0,https://movies.yahoo.com.tw/name_main/846
8198,戴夫巴蒂斯塔 Dave Bautista,518.0,https://movies.yahoo.com.tw/name_main/518
8198,潔美金 Jaime King,3834.0,https://movies.yahoo.com.tw/name_main/3834
8198,五角 50 cent,42057.0,https://movies.yahoo.com.tw/name_main/42057
8198,黃曉明 Xiaoming Huang,30425.0,https://movies.yahoo.com.tw/name_main/30425
8202,瑪莉詠柯蒂亞 Marion Cotillard,710.0,https://movies.yahoo.com.tw/name_main/710
8203,趙震雄 CHO JIN-WOONG,16376.0,https://movies.yahoo.com.tw/name_main/16376
8207,貝芮妮絲貝喬 Bérénice Bejo,462.0,https://movies.yahoo.com.tw/name_main/462
8207,丹奴什 Dhanush,43048.0,https://movies.yahoo.com.tw/name_main/43048
8205,是枝裕和 Hirokazu Koreeda,195.0,https://movies.yahoo.com.tw/name_main/195
8205,中川雅也 Lily Franky,1282.0,https://movies.yahoo.com.tw/name_main/1282
8205,安藤櫻 Sakura Ando,479.0,https://movies.yahoo.com.tw/name_main/479
8205,松岡茉優 Mayu Matsuoka,588.0,https://movies.yahoo.com.tw/name_main/588
8211,路丹波 Lew Temple,41319.0,https://movies.yahoo.com.tw/name_main/41319
8214,佐藤健 Takeru Sato,1303.0,https://movies.yahoo.com.tw/name_main/1303
8214,本鄉奏多 Kanata Hongo,313.0,https://movies.yahoo.com.tw/name_main/313
8214,二階堂富美 Fumi Nikaido,1300.0,https://movies.yahoo.com.tw/name_main/1300
8214,伊勢谷友介 Yusuke Iseya,26426.0,https://movies.yahoo.com.tw/name_main/26426
8208,梅莉史翠普 Meryl Streep,412.0,https://movies.yahoo.com.tw/name_main/412
8208,皮爾斯布洛斯南 Pierce Brosnan,1572.0,https://movies.yahoo.com.tw/name_main/1572
8208,柯林佛斯 Colin Firth,358.0,https://movies.yahoo.com.tw/name_main/358
8208,史戴倫史柯斯嘉 Stellan Skarsgard,1094.0,https://movies.yahoo.com.tw/name_main/1094
8208,茱莉華特斯 Julie Walters,3594.0,https://movies.yahoo.com.tw/name_main/3594
8208,多明尼克庫柏 Dominic Cooper,335.0,https://movies.yahoo.com.tw/name_main/335
8208,阿曼達塞佛瑞 Amanda Seyfried,812.0,https://movies.yahoo.com.tw/name_main/812
8208,莉莉詹姆斯 Lily James,431.0,https://movies.yahoo.com.tw/name_main/431
8208,安迪賈西亞 Andy Garcia,106.0,https://movies.yahoo.com.tw/name_main/106
8208,雪兒 Cher,904.0,https://movies.yahoo.com.tw/name_main/904
8209,福士蒼汰 Sota Fukushi,453.0,https://movies.yahoo.com.tw/name_main/453
8219,丹妮絲坎澤艾胡芬 Deniz Gamze Erguven,5270.0,https://movies.yahoo.com.tw/name_main/5270
8219,荷莉貝瑞 Halle Berry,2256.0,https://movies.yahoo.com.tw/name_main/2256
8219,丹尼爾克雷格 Daniel Craig,975.0,https://movies.yahoo.com.tw/name_main/975
8215,凱特諾伐克 Kate Novak,43061.0,https://movies.yahoo.com.tw/name_main/43061
8215,安德烈里昂泰利 Andre Leon Talley,43062.0,https://movies.yahoo.com.tw/name_main/43062
